name,body_part,exercise_category,base_calories_burned,description,media_url
데드리프트,등,전신강화운동,8,전신 근력을 강화하는 대표적인 운동,
바벨 로우,등,상체근력운동,6.5,바벨을 이용해 등 근육을 강화,
풀 업,등,상체근력운동,7,철봉에서 상체와 등을 강화,
루마니안 데드리프트,등,전신강화운동,7.5,허리와 하체를 타겟으로 하는 데드리프트,
랫 풀다운,등,상체근력운동,5.5,랫 머신으로 등을 단련,
백 익스텐션,등,코어강화운동,4,허리와 코어 근육 강화,
원 암 덤벨 로우,등,상체근력운동,6.2,한 손으로 덤벨을 이용한 등 운동,
시티드 케이블 로우,등,상체근력운동,6,케이블 머신으로 등 근육 강화,
시티드 로우 머신,등,상체근력운동,5.8,머신을 이용한 등 근육 운동,
덤벨 데드리프트,등,전신강화운동,7.2,덤벨을 활용한 전신 운동,
밴드 벤트 오버 로우,등,상체근력운동,5,밴드를 활용한 등 강화 운동,
레니게이드 로우,등,전신강화운동,6.8,전신과 코어를 동시에 강화,
인클라인 로우,등,상체근력운동,6,인클라인 상태에서 등 근육 강화,
인버티드 로우,등,상체근력운동,5.5,체중을 이용한 등 강화 운동,
티 바 로우 머신,등,상체근력운동,6.4,티 바 머신으로 등 강화,
티 바 로우,등,상체근력운동,6.3,티 바를 활용한 등 운동,
백 랫 풀다운,등,상체근력운동,5.7,랫 머신으로 상체 후면 강화,
로우 로우 머신,등,상체근력운동,5.9,로우 머신으로 등 근육 강화,
스미스 머신 바벨 로우,등,상체근력운동,6.2,스미스 머신으로 바벨 로우 수행,
암 풀다운,등,상체근력운동,5.5,팔과 등을 강화하는 풀다운 운동,
밴드 로우,등,상체근력운동,5,밴드를 사용한 등 운동,
덤벨 로우,등,상체근력운동,6,덤벨로 등을 단련,
펜들레이 로우,등,상체근력운동,6.8,고중량으로 수행하는 등 운동,
원 암 랫 풀다운,등,상체근력운동,5.6,한 손으로 랫 머신을 이용한 운동,
랙 풀,등,전신강화운동,7,데드리프트의 변형으로 전신 운동,
백 익스텐션 머신,등,코어강화운동,4.2,허리를 강화하는 머신 운동,
굿모닝,등,코어강화운동,4.5,허리와 하체를 강화하는 운동,
밴드 데드리프트,등,전신강화운동,6.8,밴드를 활용한 전신 데드리프트,
하이 로우 머신,등,상체근력운동,5.9,하이 로우 머신으로 등 운동,
와이드 풀다운 머신,등,상체근력운동,5.5,등과 어깨를 강화,
케틀벨 로우,등,상체근력운동,6,케틀벨을 사용한 등 운동,
짐볼 백 익스텐션,등,코어강화운동,3.8,짐볼을 이용한 허리 운동,
원 암 케이블 랫 풀다운,등,상체근력운동,5.7,한 손으로 케이블 랫 풀다운 수행,
원 암 랫 풀다운 머신,등,상체근력운동,5.8,한 손으로 랫 머신 사용,
원 암 시티드 로우 머신,등,상체근력운동,6,한 손으로 시티드 로우 머신 수행,
랫 풀다운 머신,등,상체근력운동,5.6,랫 머신으로 등 운동,
라잉 백 익스텐션,등,코어강화운동,4,누운 자세로 허리 운동,
슈퍼맨 로우,등,코어강화운동,4.3,슈퍼맨 자세로 허리 강화,
시티드 로우,등,상체근력운동,6,앉은 자세로 로우 머신 사용,
클로즈 그립 티 바 로우,등,상체근력운동,6.4,좁은 그립으로 티 바 로우 수행,
트위스트 슈퍼맨,등,코어강화운동,4.5,슈퍼맨 자세에서 트위스트 추가,
백 펙 스트레칭,등,유연성및스트레칭운동,3,등 근육을 스트레칭,
엎드려 등 스트레칭,등,유연성및스트레칭운동,3.2,엎드려 등 스트레칭 수행,
동적 등 스트레칭,등,유연성및스트레칭운동,3.5,동작을 이용한 등 스트레칭,
사이드 등 스트레칭,등,유연성및스트레칭운동,3.1,옆으로 등 근육을 스트레칭,
스탠딩 등 스트레칭,등,유연성및스트레칭운동,3.3,선 자세에서 등 근육 스트레칭,
오버헤드 등 스트레칭,등,유연성및스트레칭운동,3.4,팔을 들어 올리며 스트레칭,
케틀벨 데드리프트,등,전신강화운동,7.5,케틀벨을 사용하여 전신을 단련,
언더핸드 바벨 로우,등,상체근력운동,6.4,언더핸드 그립으로 바벨 로우 수행,
언더핸드 스미스 머신 바벨 로우,등,상체근력운동,6.3,스미스 머신에서 언더핸드 그립으로 로우 수행,
원 암 시티드 케이블 로우,등,상체근력운동,5.9,한 손으로 시티드 케이블 로우 수행,
패러럴 그립 시티드 케이블 로우,등,상체근력운동,6,패러럴 그립으로 시티드 케이블 로우 수행,
와이드 그립 시티드 케이블 로우,등,상체근력운동,6.1,와이드 그립으로 시티드 케이블 로우,
원 암 케틀벨 로우,등,상체근력운동,5.8,한 손으로 케틀벨을 사용하여 등 근육 단련,
스탠딩 케이블 로우,등,상체근력운동,5.6,서서 케이블 로우를 수행하여 상체를 강화,
링 하이 로우,등,상체근력운동,6.2,링을 사용하여 고강도의 로우 운동,
어시스트 풀 업,등,상체근력운동,5.5,보조 장치를 사용하여 풀 업 수행,
패러럴 그립 어시스트 풀 업,등,상체근력운동,5.6,패러럴 그립으로 어시스트 풀 업 수행,
중량 풀 업,등,상체근력운동,6.5,중량을 추가하여 풀 업 수행,
아처 풀 업,등,상체근력운동,6.7,한 팔로 지원하며 풀 업 수행,
밴드 어시스트 풀 업,등,상체근력운동,5.3,밴드의 도움으로 풀 업 수행,
벤치 풀 업,등,상체근력운동,5,벤치를 활용한 풀 업,
버터플라이 풀 업,등,상체근력운동,6.8,팔을 날개처럼 움직이며 풀 업 수행,
점프 풀 업,등,상체근력운동,5.8,점프를 추가하여 풀 업 수행,
어시스트 친 업,등,상체근력운동,5.6,보조 장치를 이용한 친 업,
중량 친 업,등,상체근력운동,6.5,중량을 추가하여 친 업 수행,
밴드 어시스트 친 업,등,상체근력운동,5.4,밴드의 도움으로 친 업 수행,
패러럴 그립 친 업,등,상체근력운동,5.6,패러럴 그립으로 친 업 수행,
클로즈 그립 친 업,등,상체근력운동,5.7,좁은 그립으로 친 업 수행,
클로즈 그립 케이블 랫 풀 다운,등,상체근력운동,5.5,좁은 그립으로 케이블 랫 풀 다운 수행,
패러럴 그립 랫 풀 다운,등,상체근력운동,5.6,패러럴 그립으로 랫 풀 다운 수행,
언더핸드 케이블 랫 풀 다운,등,상체근력운동,5.7,언더핸드 그립으로 케이블 랫 풀 다운,
로프 암 풀 다운,등,상체근력운동,5.4,로프를 사용한 팔과 등 강화 운동,
T 레이즈,등,유연성및스트레칭운동,3,T 자세로 등 근육 스트레칭,
A 레이즈,등,유연성및스트레칭운동,3.1,A 자세로 근육 스트레칭,
W 레이즈,등,유연성및스트레칭운동,3.2,W 자세로 등 근육 스트레칭,
바를 이용한 등 스트레칭,등,유연성및스트레칭운동,3.4,바를 사용하여 등 근육 스트레칭,
폼롤러 랫,등,유연성및스트레칭운동,3.5,폼롤러로 랫 근육 스트레칭,
폼롤러 어퍼 백,등,유연성및스트레칭운동,3.6,폼롤러로 상부 등 스트레칭,
폼롤러 롬보이드,등,유연성및스트레칭운동,3.7,폼롤러로 롬보이드 근육 스트레칭,
추천 등 운동,등,상체근력운동,5.5,추천하는 등 근력 운동,
링 풀업,등,상체근력운동,6.4,링을 사용하여 수행하는 풀업,
어깨/등 스트레칭,등,유연성및스트레칭운동,3.3,어깨와 등 근육을 스트레칭,
철봉 매달리기,등,유연성및스트레칭운동,3.2,철봉에서 매달리며 등 스트레칭 수행,
해머스트렝스 시티드 로우,등,상체근력운동,6.3,해머스트렝스 머신으로 로우 수행,
클로즈 그립 풀 업,등,상체근력운동,5.8,좁은 그립으로 풀 업 수행,
와이드 그립 풀 업,등,상체근력운동,6,와이드 그립으로 풀 업 수행,
케이블 하이 로우,등,상체근력운동,5.7,케이블로 하이 로우 수행,
원 암 케이블 하이 로우,등,상체근력운동,5.8,한 손으로 케이블 하이 로우 수행,
엘싯 풀업,등,상체근력운동,6.2,L-자세로 수행하는 풀업,
원 암 풀업,등,상체근력운동,6.8,한 손으로 수행하는 풀업,
원 암 와이드 풀다운 머신,등,상체근력운동,5.9,와이드 풀다운 머신으로 한 손 수행,
클로즈 그립 랫 풀 다운,등,상체근력운동,5.8,좁은 그립으로 랫 풀 다운,
해머 스트렝스 MTS 로우,등,상체근력운동,6.4,해머 스트렝스 머신을 사용한 로우 운동,
해머 스트렝스 MTS 하이 로우,등,상체근력운동,6.5,해머 스트렝스 하이 로우 운동,
해머 스트렝스 MTS 프론트 풀다운,등,상체근력운동,6.3,프론트 풀다운을 위한 해머 스트렝스 머신 운동,
해머 스트렝스 MTS D Y 로우,등,상체근력운동,6.6,D Y 로우를 위한 머신 운동,
해머 스트렝스 프론트 랫 풀다운,등,상체근력운동,6.2,프론트 랫 풀다운 머신 운동,
해머 스트렝스 하이 로우,등,상체근력운동,6.3,하이 로우 머신으로 상체 근력 강화,
해머 스트렝스 와이드 풀다운,등,상체근력운동,6.1,와이드 풀다운 머신 사용,
해머 스트렝스 루마니안 데드리프트,등,전신강화운동,7,루마니안 데드리프트로 전신 강화,
해머 스트렝스 MTS 원 암 D Y 로우,등,상체근력운동,6.5,원 암 D Y 로우를 위한 머신 운동,
해머 스트렝스 MTS 원 암 로우,등,상체근력운동,6.4,해머 스트렝스 원 암 로우 운동,
해머 스트렝스 MTS 원 암 하이 로우,등,상체근력운동,6.3,원 암 하이 로우를 위한 머신 운동,
해머 스트렝스 MTS 원 암 프론트 풀다운,등,상체근력운동,6.2,원 암 프론트 풀다운 머신 운동,
해머 스트렝스 원 암 프론트 랫 풀다운,등,상체근력운동,6.1,프론트 랫 풀다운 운동,
해머 스트렝스 원 암 하이 로우,등,상체근력운동,6.2,해머 스트렝스 원 암 하이 로우,
해머 스트렝스 원 암 와이드 풀다운,등,상체근력운동,6.3,원 암 와이드 풀다운 머신 운동,
Panatta 슈퍼 로잉,등,상체근력운동,6.4,Panatta 로잉 머신 사용,
Panatta 슈퍼 하이 로우,등,상체근력운동,6.5,Panatta 하이 로우 머신 운동,
케이블 데드리프트,등,전신강화운동,7.5,케이블 머신을 이용한 데드리프트,
스위밍 (필라테스),등,유산소운동,4,필라테스 스위밍 동작으로 전신 유산소운동,
플레이트 백 익스텐션,등,코어강화운동,4.3,플레이트를 사용하여 허리 강화,
덤벨 백 익스텐션,등,코어강화운동,4.2,덤벨로 허리 근육 강화,
바벨 백 익스텐션,등,코어강화운동,4.5,바벨로 허리 근육 단련,
케이블 슈러그,등,상체근력운동,5.6,케이블로 상체 근육 단련,
패러럴 그립 와이드 풀다운 리어 머신,등,상체근력운동,5.9,패러럴 그립으로 와이드 풀다운 수행,
덤벨 실로우,등,상체근력운동,5.8,덤벨을 사용한 실로우 운동,
바벨 실로우,등,상체근력운동,5.9,바벨을 이용한 실로우 운동,
덤벨 W 레이즈,등,유연성및스트레칭운동,3.2,W 자세로 덤벨 레이즈,
덤벨 A 레이즈,등,유연성및스트레칭운동,3.3,A 자세로 덤벨 레이즈,
덤벨 T 레이즈,등,유연성및스트레칭운동,3.4,T 자세로 덤벨 레이즈,
덤벨 Y 레이즈,등,유연성및스트레칭운동,3.5,Y 자세로 덤벨 레이즈,
Y 레이즈,등,유연성및스트레칭운동,3.6,Y 자세로 스트레칭,
인클라인 덤벨 W 레이즈,등,유연성및스트레칭운동,3.3,인클라인 W 레이즈 수행,
인클라인 덤벨 A 레이즈,등,유연성및스트레칭운동,3.4,인클라인 A 레이즈 수행,
인클라인 덤벨 T 레이즈,등,유연성및스트레칭운동,3.5,인클라인 T 레이즈 수행,
맥그립 랫 풀다운,등,상체근력운동,6.1,맥그립을 사용한 랫 풀다운,
원 암 하이 로우 머신,등,상체근력운동,6,원 암 하이 로우 머신 사용,
원 암 로우 로우 머신,등,상체근력운동,6.1,원 암 로우 로우 머신 운동,
리버스 펙 덱 플라이 (등 집중),등,상체근력운동,5.8,리버스 펙 덱 플라이 수행,
플레이트 로디드 시티드 로우,등,상체근력운동,6.4,플레이트 로디드 시티드 로우 머신 사용,
풀오버 머신 (등 집중),등,상체근력운동,5.7,풀오버 머신을 사용하여 등 강화,
트랩바 데드리프트,등,전신강화운동,7.2,트랩바를 사용한 전신 데드리프트,
밴드 풀 어파트,등,유연성및스트레칭운동,3.2,밴드를 이용하여 등을 스트레칭,
닐링 푸시업 로우,등,코어강화운동,4.5,무릎을 꿇고 수행하는 푸시업 로우,
핸드 릴리즈 푸시업,등,코어강화운동,4.8,핸드를 들어올리며 수행하는 푸시업,
닐링 어퍼 백 로테이션,등,유연성및스트레칭운동,3.4,무릎 꿇고 상체 회전 스트레칭,
레그 풀,등,유연성및스트레칭운동,3,다리를 당겨서 스트레칭,
벤트 니 라잉 플로어 로우,등,상체근력운동,5.5,누운 상태에서 무릎을 구부리고 로우 수행,
실 푸시업,등,상체근력운동,5.6,몸을 실처럼 곧게 하며 수행하는 푸시업,
시티드 백 스퀴즈,등,유연성및스트레칭운동,3.3,앉은 자세에서 등 근육을 스퀴즈,
시티드 비하인드 백 레이즈,등,유연성및스트레칭운동,3.4,앉은 자세에서 뒤로 레이즈 수행,
시티드 펄스 백 스퀴즈,등,유연성및스트레칭운동,3.5,펄스 동작으로 등 근육 스트레칭,
슬라이딩 레그 버드 독,등,코어강화운동,4.2,슬라이딩 동작을 포함한 버드 독 운동,
스핑크스 자세,등,유연성및스트레칭운동,3,스핑크스 자세로 스트레칭,
스탠딩 백 스퀴즈,등,유연성및스트레칭운동,3.3,서서 등을 스퀴즈,
스탠딩 로우 스위칭 팜스,등,상체근력운동,5.2,서서 손바닥 방향을 바꾸며 로우 수행,
스탠딩 업라이트 팜스 백 스퀴즈,등,유연성및스트레칭운동,3.2,팔을 세워서 백 스퀴즈,
스위머 킥스,등,유산소운동,4,수영 킥 동작을 모방한 유산소운동,
닐링 백 로테이션 스트레치,등,유연성및스트레칭운동,3.4,무릎 꿇고 등 회전 스트레칭,
라잉 랫 풀다운,등,상체근력운동,5.8,누운 자세에서 랫 풀다운 수행,
라잉 프론 W 투 T,등,유연성및스트레칭운동,3.1,W 자세에서 T 자세로 스트레칭,
라잉 프론 W 투 Y,등,유연성및스트레칭운동,3.2,W 자세에서 Y 자세로 스트레칭,
라잉 리버스 푸시업,등,코어강화운동,4.5,누운 상태에서 리버스 푸시업 수행,
팜 프레스 백,등,상체근력운동,5.6,팔을 눌러서 등 근육 강화,
플랭크 암 리프트,등,코어강화운동,4,플랭크 자세에서 팔을 들어올림,
펄스 로우,등,상체근력운동,5.4,펄스 동작으로 로우 수행,
퍼즈 데드리프트,등,전신강화운동,7,중간에 멈춤을 포함한 데드리프트,
버티컬 트랙션,등,상체근력운동,5.8,버티컬 트랙션 머신을 사용한 운동,
TRX 로우,등,상체근력운동,6,TRX를 사용하여 로우 수행,
헤드스탠드,등,코어강화운동,4.7,머리로 서서 코어를 단련,
플레이트 로디드 레터럴 로우,등,상체근력운동,6.2,플레이트 로디드 레터럴 로우 머신 사용,
언더 그립 시티드 케이블 로우,등,상체근력운동,5.7,언더 그립으로 시티드 케이블 로우 수행,
리니어 로우 머신,등,상체근력운동,6,리니어 로우 머신 사용,
벤트 오버 로우 머신,등,상체근력운동,6.1,벤트 오버 로우 머신 사용,
버티컬 로우 머신,등,상체근력운동,6,버티컬 로우 머신 사용,
픽스드 풀다운,등,상체근력운동,5.6,픽스드 풀다운 머신 사용,
해머스트렝스 아이소 레터럴 로우,등,상체근력운동,6.3,아이소 레터럴 로우 수행,
바벨 벤트 오버 로우,등,상체근력운동,6.5,바벨로 벤트 오버 로우 수행,
케이블 벤트 오버 로우,등,상체근력운동,6.4,케이블로 벤트 오버 로우 수행,
어퍼 백 머신,등,상체근력운동,5.8,어퍼 백 머신으로 등 근육 강화,
인클라인 티 바 로우,등,상체근력운동,6.3,인클라인 티 바 로우 수행,
호이스트 시티드 미드 로우,등,상체근력운동,6,호이스트 미드 로우 머신 사용,
덤벨 벤트오버 로우,등,상체근력운동,5.9,덤벨을 사용한 벤트오버 로우,
리버스 펙덱 플라이,등,상체근력운동,5.7,리버스 펙덱 플라이 수행,
벤트오버 와이드 덤벨 로우,등,상체근력운동,6,와이드 그립으로 덤벨 로우 수행,
로우 리어 델트 머신,등,상체근력운동,5.8,리어 델트 머신을 사용한 로우 운동,
밴드 Y 레이즈,등,유연성및스트레칭운동,3.4,밴드를 사용한 Y 자세 스트레칭,
메도우스 로우,등,상체근력운동,6.2,메도우스 스타일의 로우 운동,
투웨이 로우,등,상체근력운동,6.1,두 방향으로 로우 수행,
고릴라 로우,등,상체근력운동,6.5,고릴라 자세로 로우 수행,
Diverging 로우 로우,등,상체근력운동,6,Diverging 로우 머신 사용,
클로즈 맥그립 랫 풀다운,등,상체근력운동,5.9,좁은 맥그립으로 랫 풀다운 수행,
랜드마인 로우,등,상체근력운동,6.2,랜드마인을 사용한 로우 운동,
바벨 스쿼트,하체,하체근력운동,7.5,바벨을 사용하여 하체를 강화하는 기본 스쿼트 운동,
런지,하체,하체근력운동,6.5,하체와 균형을 강화하는 런지 운동,
레그 프레스,하체,하체근력운동,6.8,레그 프레스 머신을 사용한 하체 근력 강화,
레그 컬,하체,하체근력운동,5.5,허벅지 뒤 근육을 강화하는 레그 컬 운동,
바벨 스티프 레그 데드리프트,하체,하체근력운동,6.7,바벨로 수행하는 스티프 레그 데드리프트,
브이 스쿼트,하체,하체근력운동,6.5,브이 자세로 수행하는 하체 근력 강화 스쿼트,
레그 익스텐션,하체,하체근력운동,5.4,허벅지 앞 근육을 강화하는 레그 익스텐션,
덤벨 런지,하체,하체근력운동,6,덤벨을 들고 수행하는 런지,
핵 스쿼트 머신,하체,하체근력운동,6.3,핵 스쿼트 머신을 이용한 하체 강화,
덤벨 스모 스쿼트,하체,하체근력운동,6.2,덤벨을 들고 스모 자세로 수행,
카프 레이즈,하체,하체근력운동,5,종아리 근육을 타겟으로 한 카프 레이즈,
힙 어덕션 머신,하체,하체근력운동,5.4,힙 어덕션 머신으로 내측 허벅지 강화,
힙 어브덕션 머신,하체,하체근력운동,5.6,힙 어브덕션 머신으로 외측 허벅지 강화,
바벨 힙 쓰러스트,하체,하체근력운동,6.8,바벨을 사용한 힙 근육 강화 운동,
스미스 머신 스쿼트,하체,하체근력운동,6.7,스미스 머신에서 수행하는 하체 강화 스쿼트,
원 레그 니 업,하체,하체근력운동,5.8,한쪽 다리를 들어올리는 운동,
바벨 와이드 스쿼트,하체,하체근력운동,7,넓은 스탠스로 수행하는 바벨 스쿼트,
스미스 머신 런지,하체,하체근력운동,6.6,스미스 머신을 활용한 런지,
워킹 런지,하체,하체근력운동,6.4,하체 근력을 강화하며 이동,
바벨 내로우 스쿼트,하체,하체근력운동,6.8,좁은 자세로 수행하는 바벨 스쿼트,
스모 데드리프트,하체,하체근력운동,7.2,스모 자세로 데드리프트 수행,
박스 스쿼트,하체,하체근력운동,6.5,박스를 이용한 스쿼트,
박스 점프,하체,유산소운동,6.3,폭발적인 점프를 통해 하체와 심폐 기능 강화,
덤벨 불가리안 스플릿 스쿼트,하체,하체근력운동,6.7,덤벨을 들고 한쪽 다리로 수행하는 스쿼트,
프론트 스쿼트,하체,하체근력운동,7,바벨을 앞에 두고 수행하는 스쿼트,
글루트 햄 레이즈,하체,하체근력운동,5.8,햄스트링과 엉덩이 근육 강화,
글루트 킥 백,하체,하체근력운동,5.5,엉덩이를 타겟으로 한 킥 백 운동,
고블릿 스쿼트,하체,하체근력운동,6.3,덤벨을 들고 고블릿 자세로 스쿼트,
바벨 핵 스쿼트,하체,하체근력운동,6.8,바벨로 수행하는 핵 스쿼트,
바벨 런지,하체,하체근력운동,6.5,바벨을 들고 런지 수행,
피스톨 스쿼트,하체,하체근력운동,7.2,한쪽 다리로 수행하는 스쿼트,
밴드 스쿼트,하체,하체근력운동,5.9,밴드를 사용하여 저항을 추가한 스쿼트,
덤벨 스쿼트,하체,하체근력운동,6.5,덤벨을 들고 수행하는 스쿼트,
스미스 머신 와이드 스쿼트,하체,하체근력운동,7,스미스 머신에서 와이드 스쿼트,
제르셔 스쿼트,하체,하체근력운동,7.2,제르셔 자세로 수행하는 스쿼트,
힙 익스텐션,하체,하체근력운동,5.5,엉덩이를 강화하는 힙 익스텐션,
백 런지,하체,하체근력운동,6.4,뒤로 수행하는 런지,
힙 쓰러스트 머신,하체,하체근력운동,6.8,힙 근육을 타겟으로 한 쓰러스트 머신 운동,
사이드 런지,하체,하체근력운동,6.2,옆으로 이동하며 하체 근력 강화,
힙 어브덕션,하체,하체근력운동,5.6,엉덩이 외측 근육 강화,
사이드 킥 백,하체,하체근력운동,5.5,옆으로 발을 차는 킥 백,
크로스 런지,하체,하체근력운동,6.4,크로스 자세로 수행하는 런지,
스탠딩 레그 컬,하체,하체근력운동,5.4,스탠딩 자세에서 레그 컬,
시티드 카프레이즈 머신,하체,하체근력운동,5.3,앉은 자세에서 카프레이즈 수행,
시티드 바벨 카프레이즈,하체,하체근력운동,5.5,바벨을 들고 앉은 자세에서 카프레이즈,
케틀벨 스모 데드리프트 하이풀,하체,하체근력운동,7,케틀벨을 사용하여 스모 데드리프트,
펜들럼 스쿼트,하체,하체근력운동,6.5,펜들럼 동작을 포함한 스쿼트,
원 레그 덤벨 데드리프트,하체,하체근력운동,6.8,한쪽 다리로 수행하는 덤벨 데드리프트,
원 레그 바벨 힙쓰러스트,하체,하체근력운동,7,한쪽 다리로 수행하는 바벨 힙쓰러스트,
점프 스쿼트,하체,유산소운동,6.3,점프 동작을 포함한 스쿼트,
원 레그 프레스,하체,하체근력운동,6.9,한쪽 다리로 수행하는 레그 프레스,
카프 레이즈 머신,하체,하체근력운동,5.6,카프레이즈 머신을 사용한 종아리 강화,
힙 익스텐션 머신,하체,하체근력운동,6,힙 익스텐션 머신으로 힙 강화,
와이드 스쿼트,하체,하체근력운동,6.7,넓은 자세로 수행하는 스쿼트,
스쿼트,하체,하체근력운동,6.5,하체 근육을 강화하는 기본 스쿼트,
덤벨 스티프 레그 데드리프트,하체,하체근력운동,6.5,덤벨을 사용하여 하체 근육을 강화하는 스티프 레그 데드리프트,
글루트 킥 백 앤 사이드 킥,하체,하체근력운동,5.5,힙 근육을 타겟으로 한 킥 백과 사이드 킥 결합 운동,
글루트 킥 백 앤 크로스,하체,하체근력운동,5.6,힙 근육을 강화하는 킥 백과 크로스 운동,
니 힙 쓰러스트,하체,하체근력운동,6,무릎을 사용하여 힙 근육을 단련하는 힙 쓰러스트,
사이드 레이즈 앤 킥,하체,하체근력운동,5.4,사이드 레이즈와 킥을 결합한 운동,
스모 스쿼트 플로어 터치,하체,하체근력운동,6.2,스모 스쿼트를 바닥에 손을 대며 수행,
원 레그 데드리프트,하체,하체근력운동,6.8,한쪽 다리로 균형을 잡으며 수행하는 데드리프트,
원 레그 힙 쓰러스트,하체,하체근력운동,7,한쪽 다리로 수행하는 힙 쓰러스트,
하이 니 스쿼트,하체,하체근력운동,6.5,무릎을 높이 들어올리며 수행하는 스쿼트,
힙 쓰러스트,하체,하체근력운동,6.7,힙 근육을 강화하는 기본 힙 쓰러스트,
런지 점프,하체,유산소운동,6.3,점프를 결합한 런지로 하체와 심폐 기능 강화,
월 싯,하체,코어강화운동,5,벽을 이용해 고정 자세로 하체와 코어 강화,
스텝백 핸드레이즈,하체,하체근력운동,5.8,스텝백 동작과 함께 팔을 올려 수행,
시티드 레그 프레스,하체,하체근력운동,5.9,앉은 자세에서 레그 프레스 머신 사용,
버터플라이 고관절 스트레칭,하체,유연성및스트레칭운동,3,버터플라이 자세로 고관절 스트레칭,
라잉 햄스트링 스트레칭,하체,유연성및스트레칭운동,3.2,누운 자세로 햄스트링 스트레칭,
스탠딩 고관절/힙 스트레칭,하체,유연성및스트레칭운동,3.3,서서 고관절과 힙 스트레칭,
라잉 허벅지 스트레칭,하체,유연성및스트레칭운동,3.1,누운 자세로 허벅지 스트레칭,
개구리 고관절 스트레칭,하체,유연성및스트레칭운동,3.4,개구리 자세로 고관절 스트레칭,
종아리 스트레칭,하체,유연성및스트레칭운동,3,종아리 근육을 타겟으로 한 스트레칭,
라잉 고관절 스트레칭,하체,유연성및스트레칭운동,3.1,누운 자세로 고관절 스트레칭,
허리 굽혀 스트레칭,하체,유연성및스트레칭운동,3.2,허리를 굽히며 스트레칭,
싱글 라잉 레그 컬,하체,하체근력운동,5.5,한쪽 다리로 수행하는 레그 컬,
원 레그 익스텐션,하체,하체근력운동,5.6,한쪽 다리로 수행하는 레그 익스텐션,
스텝 박스 덤벨 백 런지,하체,하체근력운동,6,스텝 박스에서 덤벨을 사용한 백 런지,
케틀벨 프론트 스쿼트,하체,하체근력운동,6.5,케틀벨을 사용하여 프론트 스쿼트 수행,
보수볼 하이 니 런지,하체,하체근력운동,6.3,보수볼에서 무릎을 높이 올리며 런지 수행,
케이블 힙 어브덕션,하체,하체근력운동,5.7,케이블 머신으로 힙 근육 외측 강화,
케이블 덩키 킥,하체,하체근력운동,5.6,케이블 머신을 사용한 덩키 킥,
케이블 힙 어덕션,하체,하체근력운동,5.5,케이블로 내측 허벅지 강화,
힙 익스텐션 (케이블),하체,하체근력운동,6,케이블을 사용하여 힙 익스텐션 수행,
폼롤러 글루트,하체,유연성및스트레칭운동,3,폼롤러를 사용하여 엉덩이 근육을 스트레칭,
폼롤러 햄스트링,하체,유연성및스트레칭운동,3.1,폼롤러를 사용하여 햄스트링을 스트레칭,
폼롤러 라잉 콰드러셉스,하체,유연성및스트레칭운동,3.2,누운 자세에서 폼롤러로 허벅지 앞쪽 스트레칭,
폼롤러 렉터스 페머리스,하체,유연성및스트레칭운동,3.1,폼롤러로 대퇴직근을 스트레칭,
스탠딩 콰드러셉스 스트레칭,하체,유연성및스트레칭운동,3.3,서서 허벅지 앞쪽을 스트레칭,
폼롤러 롤 힙 스트레칭,하체,유연성및스트레칭운동,3.2,폼롤러를 사용하여 고관절 스트레칭,
폼롤러 사이드 라잉 퍼로니얼 스트레칭,하체,유연성및스트레칭운동,3.4,폼롤러로 측면 스트레칭,
폼롤러 퍼로니얼,하체,유연성및스트레칭운동,3,폼롤러로 퍼로니얼 근육 스트레칭,
폼롤러 싱글 레그 캐브즈,하체,유연성및스트레칭운동,3.1,폼롤러를 사용하여 한쪽 종아리 스트레칭,
폼롤러 캐브즈,하체,유연성및스트레칭운동,3,폼롤러를 사용하여 종아리 근육을 스트레칭,
폼롤러 햄스트링 앤 글루트,하체,유연성및스트레칭운동,3.2,햄스트링과 엉덩이 근육을 함께 스트레칭,
추천 다리 운동,하체,하체근력운동,6,하체 근력을 강화하는 종합 운동,
힙 글루트 머신,하체,하체근력운동,6.5,힙 글루트를 타겟으로 하는 머신 운동,
앉았다 일어나기,하체,하체근력운동,5,하체 근력을 강화하는 기본 동작,
크로스오버 힙/고관절 스트레칭,하체,유연성및스트레칭운동,3.1,고관절을 타겟으로 한 크로스오버 스트레칭,
런지 고관절 스트레칭,하체,유연성및스트레칭운동,3.2,런지 자세로 고관절 스트레칭,
햄스트링 스트레칭,하체,유연성및스트레칭운동,3.2,햄스트링 근육을 타겟으로 한 스트레칭,
바벨 카프 레이즈,하체,하체근력운동,5.6,바벨을 사용하여 종아리 근력 강화,
바벨 닐링 스쿼트,하체,하체근력운동,6.2,무릎을 굽히며 수행하는 바벨 스쿼트,
덤벨 백 런지,하체,하체근력운동,6,덤벨을 들고 뒤로 이동하며 수행,
박스 피스톨 스쿼트,하체,하체근력운동,7,박스를 사용하여 피스톨 스쿼트 수행,
박스 케틀벨 스쿼트,하체,하체근력운동,6.7,박스에서 케틀벨을 들고 수행,
박스 바벨 스쿼트,하체,하체근력운동,6.8,박스를 사용하여 바벨 스쿼트 수행,
시티드 레그 컬,하체,하체근력운동,5.5,앉은 자세에서 레그 컬 머신 사용,
리버스 하이퍼 머신,하체,하체근력운동,5.8,리버스 하이퍼 머신으로 허리와 엉덩이 강화,
보수볼 스쿼트,하체,하체근력운동,6.3,보수볼을 사용하여 균형과 하체 근력 강화,
스플릿 스쿼트,하체,하체근력운동,6.5,양다리를 분리하여 수행하는 스쿼트,
덤벨 스플릿 스쿼트,하체,하체근력운동,6.6,덤벨을 들고 수행하는 스플릿 스쿼트,
시티드 레그 프레스 카프 레이즈,하체,하체근력운동,5.7,앉은 자세에서 레그 프레스와 카프 레이즈 결합,
케틀벨 런지,하체,하체근력운동,6,케틀벨을 들고 수행하는 런지,
케틀벨 고블릿 스쿼트,하체,하체근력운동,6.3,케틀벨을 들고 수행하는 고블릿 스쿼트,
원 레그 케틀벨 데드리프트,하체,하체근력운동,6.8,한쪽 다리로 수행하는 케틀벨 데드리프트,
스미스 머신 힙 쓰러스트,하체,하체근력운동,6.7,스미스 머신에서 수행하는 힙 쓰러스트,
스미스 머신 카프 레이즈,하체,하체근력운동,5.6,스미스 머신을 사용한 카프 레이즈,
스탠딩 힙 어브덕션,하체,하체근력운동,5.5,서서 수행하는 힙 어브덕션,
밴드 힙 어브덕션,하체,하체근력운동,5.4,밴드를 사용하여 수행하는 힙 어브덕션,
바벨 제퍼슨 스쿼트,하체,하체근력운동,6.9,바벨로 수행하는 제퍼슨 스쿼트,
다리 찢기,하체,유연성및스트레칭운동,3.3,다리 유연성을 강화하는 스트레칭,
덤벨 크로스 런지,하체,하체근력운동,6,덤벨을 들고 크로스 런지 수행,
크랩 워킹,하체,하체근력운동,5.8,하체와 엉덩이를 강화하는 크랩 워킹,
몬스터 글루트 머신,하체,하체근력운동,6.7,글루트 근육을 타겟으로 한 머신 운동,
덤벨 워킹 런지,하체,하체근력운동,6.2,덤벨을 들고 이동하며 수행하는 런지,
바벨 워킹 런지,하체,하체근력운동,6.5,바벨을 들고 이동하며 수행하는 런지,
원 레그 스미스 머신 데드리프트,하체,하체근력운동,6.8,스미스 머신에서 한쪽 다리로 수행하는 데드리프트,
덤벨 와이드 스쿼트,하체,하체근력운동,6.5,덤벨을 들고 와이드 스탠스로 수행하는 스쿼트,
내로우 스쿼트,하체,하체근력운동,6.3,좁은 스탠스로 수행하는 스쿼트,
스미스 머신 크로스 런지,하체,하체근력운동,6.7,스미스 머신에서 크로스 런지 수행,
로우 런지,하체,하체근력운동,5.9,자세를 낮게 유지하며 수행하는 런지,
런지 트위스트,하체,코어강화운동,6,코어와 하체를 강화하는 트위스트 런지,
레버리지 스쿼트,하체,하체근력운동,6.5,레버리지 머신으로 하체 강화,
리버스 브이 스쿼트,하체,하체근력운동,6.7,리버스 자세로 수행하는 브이 스쿼트,
리버스 핵 스쿼트,하체,하체근력운동,6.8,리버스 자세로 수행하는 핵 스쿼트,
스미스 머신 스티프 레그 데드리프트,하체,하체근력운동,6.6,스미스 머신을 활용한 데드리프트,
스미스 머신 데드리프트,하체,하체근력운동,6.5,스미스 머신에서 수행하는 데드리프트,
스미스 머신 스모 데드리프트,하체,하체근력운동,6.8,스모 자세로 수행하는 데드리프트,
덤벨 레터럴 스텝업,하체,하체근력운동,6.4,덤벨을 들고 측면으로 스텝업 수행,
케틀벨 레터럴 스텝업,하체,하체근력운동,6.4,케틀벨을 사용하여 측면으로 스텝업,
덤벨 스텝업,하체,하체근력운동,6.2,덤벨을 들고 수행하는 스텝업,
밴드 스텝업,하체,하체근력운동,6,밴드를 사용하여 수행하는 스텝업,
스미스 머신 닐링 스쿼트,하체,하체근력운동,6.7,스미스 머신에서 수행하는 닐링 스쿼트,
덤벨 힙 쓰러스트,하체,하체근력운동,6.5,덤벨을 사용한 힙 쓰러스트,
노르딕 컬,하체,하체근력운동,6,햄스트링을 타겟으로 한 노르딕 컬,
씨시 스쿼트,하체,하체근력운동,6.5,앞벅지를 타겟으로 수행하는 스쿼트,
클램쉘,하체,하체근력운동,5.5,힙과 허벅지 외측 강화,
스미스 머신 스플릿 스쿼트,하체,하체근력운동,6.8,스미스 머신에서 수행하는 스플릿 스쿼트,
핵 프레스 머신,하체,하체근력운동,6.6,핵 프레스 머신을 이용한 하체 강화,
케이블 풀 쓰루,하체,하체근력운동,5.8,케이블 머신을 사용하여 엉덩이 강화,
보수볼 원 레그 스쿼트,하체,하체근력운동,7,보수볼 위에서 균형을 잡으며 수행,
중량 보수볼 스쿼트,하체,하체근력운동,6.9,보수볼을 사용하여 중량 스쿼트,
원 레그 핵 스쿼트,하체,하체근력운동,7,한쪽 다리로 수행하는 핵 스쿼트,
스텝박스 레그 컬,하체,하체근력운동,5.6,스텝박스와 함께 수행하는 레그 컬,
해머 스트렝스 레그 익스텐션,하체,하체근력운동,6,해머 스트렝스를 활용한 레그 익스텐션,
해머 스트렝스 힙 프레스,하체,하체근력운동,6.8,해머 스트렝스를 활용한 힙 프레스,
해머 스트렝스 스쿼트,하체,하체근력운동,6.7,해머 스트렝스 머신으로 수행하는 스쿼트,
해머 스트렝스 런지,하체,하체근력운동,6.6,해머 스트렝스를 사용한 런지,
해머 스트렝스 불가리안 스플릿 스쿼트,하체,하체근력운동,7.2,불가리안 스플릿 스쿼트를 해머 스트렝스로 수행,
해머 스트렝스 원 레그 익스텐션,하체,하체근력운동,6.5,한쪽 다리로 수행하는 레그 익스텐션,
스탠딩 힙 어브덕션 머신,하체,하체근력운동,5.5,스탠딩 자세로 힙 강화,
Cybex 스쿼트 프레스,하체,하체근력운동,6.7,Cybex 스쿼트 프레스 머신으로 수행,
점프 덤벨 스쿼트,하체,유산소운동,6.3,덤벨을 들고 점프 동작을 포함,
케이블 스쿼트,하체,하체근력운동,5.9,케이블 머신을 활용한 스쿼트,
원 레그 킥 (필라테스),하체,유연성및스트레칭운동,3.3,필라테스 동작으로 유연성 강화,
더블 레그 킥 (필라테스),하체,유연성및스트레칭운동,3.4,필라테스 동작으로 양다리 스트레칭,
시저 (필라테스),하체,유연성및스트레칭운동,3.3,필라테스 시저 동작으로 유연성 강화,
바이시클 (필라테스),하체,유연성및스트레칭운동,3.2,필라테스 바이시클 동작으로 유연성과 코어 강화,
숄더 브릿지 (필라테스),하체,유연성및스트레칭운동,3.3,필라테스 숄더 브릿지 동작,
사이드 킥 (필라테스),하체,유연성및스트레칭운동,3.2,필라테스 동작으로 측면 유연성 강화,
덤벨 사이드 런지,하체,하체근력운동,6.2,덤벨을 들고 측면으로 수행하는 런지,
브이 스쿼트 머신 런지,하체,하체근력운동,6.5,브이 스쿼트 머신을 활용한 런지,
스미스 머신 스태거드 데드리프트,하체,하체근력운동,6.8,스미스 머신을 사용하여 비대칭 데드리프트 수행,
덤벨 스태거드 데드리프트,하체,하체근력운동,6.7,덤벨로 비대칭 데드리프트 수행,
바벨 스태거드 데드리프트,하체,하체근력운동,6.9,바벨을 사용한 비대칭 데드리프트,
플레이트 스태거드 데드리프트,하체,하체근력운동,6.6,플레이트로 비대칭 데드리프트 수행,
케틀벨 스태거드 데드리프트,하체,하체근력운동,6.8,케틀벨을 사용한 비대칭 데드리프트,
스태거드 데드리프트,하체,하체근력운동,6.5,양손 비대칭 데드리프트,
원 레그 바벨 데드리프트,하체,하체근력운동,7,한쪽 다리로 수행하는 바벨 데드리프트,
브이 스쿼트 머신 원 레그 데드리프트,하체,하체근력운동,7.1,브이 스쿼트 머신을 사용하여 한쪽 다리 데드리프트 수행,
스탠딩 사이드킥,하체,유연성및스트레칭운동,3.3,서서 측면 킥으로 하체 스트레칭,
스탠딩 덤벨 사이드킥,하체,하체근력운동,5.8,덤벨을 들고 측면 킥,
바벨 오버헤드 스쿼트,하체,하체근력운동,7.2,바벨을 머리 위로 들고 스쿼트 수행,
스탠딩 킥 백,하체,하체근력운동,5.5,서서 엉덩이를 강화하는 킥 백,
티비알리스 레이즈,하체,하체근력운동,5.4,앞쪽 정강이 근육을 타겟으로 하는 운동,
원 레그 스미스 머신 스쿼트,하체,하체근력운동,6.8,스미스 머신을 사용하여 한쪽 다리 스쿼트 수행,
스미스 머신 덩키 킥,하체,하체근력운동,5.7,스미스 머신을 활용한 덩키 킥,
스미스 머신 불가리안 스플릿 스쿼트,하체,하체근력운동,7,스미스 머신을 활용한 불가리안 스플릿 스쿼트,
힙 브릿지,하체,하체근력운동,5.8,엉덩이를 강화하는 기본 힙 브릿지,
덤벨 내로우 스쿼트,하체,하체근력운동,6.3,덤벨을 들고 좁은 스탠스로 수행,
이지바 스티프 레그 데드리프트,하체,하체근력운동,6.7,이지바를 사용한 스티프 레그 데드리프트,
밴드 리버스 하이퍼,하체,유연성및스트레칭운동,3.4,밴드로 하이퍼 스트레칭 수행,
스미스 머신 스텝업 and 런지,하체,하체근력운동,6.8,스미스 머신을 활용한 스텝업과 런지,
덤벨 스쿼트 투 오버헤드 프레스,하체,전신강화운동,6.9,덤벨을 들고 스쿼트와 오버헤드 프레스 결합,
TRX 스프린터 스타트,하체,유산소운동,6.4,TRX를 사용하여 심폐와 하체 강화,
TRX 싱글 레그 스쿼트,하체,하체근력운동,7,TRX를 활용한 한쪽 다리 스쿼트,
TRX 서스펜디드 런지,하체,하체근력운동,6.8,TRX로 서스펜디드 런지 수행,
TRX 햄스트링 컬,하체,하체근력운동,6.5,TRX로 햄스트링을 강화,
박스 점프 오버,하체,유산소운동,6.5,박스를 넘으며 점프 수행,
퍼즈 스모 데드리프트,하체,하체근력운동,6.7,퍼즈 동작을 포함한 스모 데드리프트,
퍼즈 스쿼트,하체,하체근력운동,6.6,정지 동작을 포함한 스쿼트,
퍼펙트 스쿼트 머신,하체,하체근력운동,6.8,스쿼트를 위한 완벽한 자세 제공,
리어 킥 머신,하체,하체근력운동,6.5,리어 킥을 타겟으로 하는 머신 운동,
파이어 하이드런트,하체,하체근력운동,5.6,고관절과 엉덩이를 강화하는 운동,
브이 스쿼트 굿모닝,하체,하체근력운동,6.7,브이 스쿼트 머신을 활용한 굿모닝,
케이블 힙 플렉션,하체,하체근력운동,5.8,케이블로 힙 플렉션 수행,
힙 플렉션,하체,하체근력운동,5.5,힙 플렉션을 타겟으로 수행,
슬레드 푸쉬,하체,전신강화운동,6.9,슬레드를 밀며 전신 근육 강화,
벨트 스쿼트,하체,하체근력운동,6.7,벨트를 활용하여 하체 근력 강화,
짐볼 스플릿 스쿼트,하체,하체근력운동,7,짐볼을 사용하여 균형과 하체 근력 강화,
카프 익스텐션 머신,하체,하체근력운동,5.6,머신을 사용하여 종아리 강화,
케이블 백 런지,하체,하체근력운동,6.5,케이블로 백 런지 수행,
케틀벨 힙 쓰러스트,하체,하체근력운동,6.7,케틀벨을 활용한 힙 쓰러스트,
랜드마인 스쿼트,하체,하체근력운동,6.8,랜드마인을 사용하여 하체 근력 강화,
밴드 글루트 브릿지,하체,하체근력운동,5.8,밴드를 사용하여 수행하는 글루트 브릿지,
원 레그 프레스,하체,하체근력운동,6.8,한쪽 다리로 수행하는 레그 프레스,
스탠딩 힙 쓰러스트 머신,하체,하체근력운동,6.5,스탠딩 자세에서 힙 쓰러스트 머신 사용,
리버스 클램쉘,하체,유연성및스트레칭운동,3.4,엉덩이 외측을 강화하는 리버스 클램쉘 동작,
스쿼트 클린,하체,전신강화운동,7.2,스쿼트와 클린 동작을 결합한 전신 운동,
헥스 바 스쿼트,하체,하체근력운동,6.9,헥스 바를 사용한 스쿼트 동작,
체어 스쿼트,하체,하체근력운동,5.8,의자를 사용하여 수행하는 스쿼트,
뎁스 점프,하체,유산소운동,6.4,상자에서 점프하는 유산소 및 하체 강화 운동,
슬레드 드래그,하체,전신강화운동,7,슬레드를 끌며 전신 근력을 강화,
케틀벨 스모 스쿼트,하체,하체근력운동,6.7,케틀벨을 사용한 스모 스쿼트,
B-Stance 루마니안 데드리프트,하체,하체근력운동,6.5,한쪽 다리에 초점을 맞춘 루마니안 데드리프트,
케이블 루마니안 데드리프트,하체,하체근력운동,6.6,케이블 머신으로 루마니안 데드리프트 수행,
덤벨 레그 익스텐션,하체,하체근력운동,5.9,덤벨을 사용한 레그 익스텐션,
바운스 스쿼트,하체,하체근력운동,6,반복적인 바운스 동작을 포함한 스쿼트,
케틀벨 와이드 스쿼트,하체,하체근력운동,6.5,와이드 스탠스로 케틀벨을 사용한 스쿼트,
스미스 머신 리버스 런지,하체,하체근력운동,6.8,스미스 머신을 사용하여 리버스 런지 수행,
밴드 라잉 레그 레이즈,하체,유연성및스트레칭운동,3.3,밴드를 사용한 누운 자세의 다리 올리기,
덤벨 루마니안 데드리프트,하체,하체근력운동,6.6,덤벨로 수행하는 루마니안 데드리프트,
멀티 힙 머신,하체,하체근력운동,6,멀티 힙 머신을 사용한 하체 강화,
글루트 킥 백 머신,하체,하체근력운동,6.5,글루트 킥 백을 위한 머신 운동,
시시 스쿼트 머신,하체,하체근력운동,6.7,시시 스쿼트를 위한 머신 운동,
케이블 굿모닝 익스텐션,하체,하체근력운동,6.3,케이블 머신으로 굿모닝 익스텐션 수행,
펜듈럼 스쿼트,하체,하체근력운동,6.9,균형과 근력을 동시에 강화하는 펜듈럼 스쿼트,
덤벨 싱글 레그 카프 레이즈,하체,하체근력운동,6.2,덤벨을 들고 한쪽 다리로 수행하는 카프 레이즈,
바벨 바이셉 컬,이두,상체근력운동,5.8,바벨을 사용하여 이두근을 강화,
케이블 바이셉 컬,이두,상체근력운동,5.7,케이블 머신으로 이두근 운동 수행,
친 업,이두,상체근력운동,6.5,자체 체중으로 이두와 상체를 강화,
덤벨 프리쳐 컬,이두,상체근력운동,5.6,프리쳐 벤치에서 덤벨로 이두근 운동,
덤벨 바이셉 컬,이두,상체근력운동,5.5,덤벨을 사용하여 이두근을 타겟으로 운동,
이지바 바이셉 컬,이두,상체근력운동,5.6,이지바를 사용하여 손목 부담을 줄인 이두근 운동,
덤벨 해머 컬,이두,상체근력운동,5.4,덤벨을 세로로 잡고 이두근 강화,
컨센트레이션 컬,이두,상체근력운동,5.7,한쪽 팔씩 집중적으로 이두근을 운동,
프리쳐 컬 머신,이두,상체근력운동,5.5,프리쳐 머신으로 이두근 운동 수행,
케이블 해머 컬,이두,상체근력운동,5.6,케이블로 해머 그립을 사용한 이두근 운동,
밴드 해머 컬,이두,상체근력운동,5.4,밴드를 사용하여 해머 컬 수행,
바벨 프리쳐 컬,이두,상체근력운동,5.8,바벨로 프리쳐 벤치에서 이두근 운동,
덤벨 리버스 컬,이두,상체근력운동,5.6,덤벨을 역그립으로 잡고 이두와 전완근 운동,
바벨 리버스 컬,이두,상체근력운동,5.8,바벨로 역그립 컬 수행,
오버헤드 케이블 바이셉 컬,이두,상체근력운동,5.7,케이블 머신으로 오버헤드 위치에서 이두근 운동,
이지바 프리쳐 컬,이두,상체근력운동,5.6,이지바를 사용하여 프리쳐 벤치에서 이두근 운동,
인클라인 덤벨 컬,이두,상체근력운동,5.5,인클라인 벤치에서 덤벨로 이두근 운동,
인클라인 덤벨 해머 컬,이두,상체근력운동,5.6,인클라인 벤치에서 해머 그립으로 덤벨 컬,
인클라인 덤벨 리버스 컬,이두,상체근력운동,5.5,인클라인 벤치에서 역그립 덤벨 컬,
케이블 리버스 컬,이두,상체근력운동,5.6,케이블 머신으로 역그립 컬 수행,
이지바 리버스 컬,이두,상체근력운동,5.7,이지바를 사용하여 역그립 컬 수행,
케이블 프리쳐 컬,이두,상체근력운동,5.6,케이블 머신과 프리쳐 벤치 결합,
인클라인 바벨 리버스 컬,이두,상체근력운동,5.8,인클라인 벤치에서 바벨로 역그립 컬,
원 암 케이블 바이셉 컬,이두,상체근력운동,5.5,한쪽 팔씩 케이블 머신으로 이두근 운동,
해머스트렝스 프리쳐 컬,이두,상체근력운동,5.6,해머스트렝스 머신으로 프리쳐 컬 수행,
추천 이두 운동,이두,상체근력운동,5.7,가장 추천되는 이두 운동,
레그 바이셉 컬,이두,하체근력운동,5.4,다리 근육과 함께 이두를 타겟으로 운동,
리버스 푸쉬업,이두,상체근력운동,5.6,리버스 자세에서 푸쉬업으로 이두와 삼두 운동,
시티드 넥 탭,이두,유연성및스트레칭운동,3.5,목과 이두를 스트레칭,
스탠딩 플라이,이두,상체근력운동,5.5,스탠딩 자세로 이두 근육 운동,
써클 엘보우 암,이두,유연성및스트레칭운동,3.4,팔꿈치와 이두를 스트레칭,
프론트 스쿱스,이두,상체근력운동,5.6,프론트 스쿱 자세로 이두 근육 운동,
밴드 바이셉 컬,이두,상체근력운동,5.4,밴드를 사용하여 이두근 강화,
밴드 원 암 컬,이두,상체근력운동,5.3,밴드를 사용하여 한쪽 팔씩 이두 운동,
암 컬 머신,이두,상체근력운동,5.5,암 컬 머신으로 이두근 운동,
덤벨 조트맨 컬,이두,상체근력운동,5.6,덤벨로 조트맨 컬 수행,
시티드 덤벨 드래그 컬,이두,상체근력운동,5.5,시티드 자세에서 덤벨 드래그 컬 수행,
덤벨 드래그 컬,이두,상체근력운동,5.5,덤벨을 드래그하며 이두근 운동,
이지바 드래그 컬,이두,상체근력운동,5.6,이지바로 드래그 컬 수행,
케이블 드래그 컬,이두,상체근력운동,5.5,케이블 머신으로 드래그 컬 수행,
바벨 드래그 컬,이두,상체근력운동,5.7,바벨로 드래그 컬 수행,
해머 스트렝스 MTS 바이셉 컬,이두,상체근력운동,5.6,해머 스트렝스 MTS 머신을 사용하여 이두근 운동,
해머 스트렝스 MTS 원 암 바이셉 컬,이두,상체근력운동,5.5,한쪽 팔씩 해머 스트렝스 MTS 바이셉 컬 수행,
원 암 덤벨 프리쳐 컬,이두,상체근력운동,5.6,프리쳐 벤치에서 한쪽 팔씩 덤벨 컬,
스파이더 덤벨 컬,이두,상체근력운동,5.5,스파이더 자세로 덤벨 컬 수행,
원 암 프리쳐 컬 머신,이두,상체근력운동,5.5,프리쳐 컬 머신에서 한쪽 팔씩 운동,
디클라인 덤벨 컬,이두,상체근력운동,5.6,디클라인 벤치에서 덤벨 컬 수행,
TRX 바이셉스 컬,이두,상체근력운동,5.8,TRX를 사용하여 이두근 강화,
웨이터 컬,이두,상체근력운동,5.5,웨이터 자세로 수행하는 이두근 운동,
덤벨 시티드 해머컬,이두,상체근력운동,5.5,시티드 자세에서 덤벨로 해머컬 수행,
리버스 플레이트 컬,이두,상체근력운동,5.5,플레이트를 사용하여 역그립 컬,
로프 해머 컬,이두,상체근력운동,5.6,로프를 사용하여 해머 컬 수행,
베이지안 컬,이두,상체근력운동,5.6,이두를 집중적으로 타겟팅하는 컬,
야외 싸이클,스포츠,유산소운동,6,야외에서 자전거를 타며 심폐지구력 강화,
강아지 산책,스포츠,유산소운동,3.5,가벼운 산책으로 심신 안정과 운동 효과 제공,
등산,스포츠,유산소운동,6.5,언덕과 산길을 오르며 전신을 사용한 운동,
부모님과 산책하기,스포츠,유산소운동,3,가벼운 운동과 가족과의 유대감 증진,
필라테스,스포츠,코어강화운동,5.5,몸의 균형과 코어 강화를 위한 운동,
수영,스포츠,전신강화운동,7,전신 근육을 사용하는 수중 운동,
요가,스포츠,유연성및스트레칭운동,4,몸과 마음의 조화를 위한 스트레칭,
복싱,스포츠,전신강화운동,6.8,펀치와 움직임을 통한 전신 근력 강화,
산책,스포츠,유산소운동,3,가벼운 걷기로 심폐지구력을 증가시킴,
축구,스포츠,전신강화운동,7.5,팀 스포츠로 하체와 전신 근육을 사용,
풋살,스포츠,전신강화운동,7,작은 공간에서의 팀 스포츠,
테니스,스포츠,전신강화운동,6.5,상체와 하체 근육 사용과 민첩성 훈련,
골프,스포츠,유연성및스트레칭운동,4.5,집중력과 균형을 요하는 스포츠,
농구,스포츠,전신강화운동,7.5,점프와 달리기로 전신 근력 강화,
배드민턴,스포츠,전신강화운동,6.5,라켓 스포츠로 민첩성과 체력 향상,
클라이밍,스포츠,상체근력운동,7.5,상체 근육과 균형을 사용하는 스포츠,
검도,스포츠,전신강화운동,6.5,검을 사용한 민첩성과 근력 훈련,
주짓수,스포츠,전신강화운동,7,체술과 코어 강화 중심의 운동,
댄스,스포츠,유산소운동,5.5,리드미컬한 전신 움직임,
탁구,스포츠,전신강화운동,5.5,라켓 스포츠로 집중력과 민첩성 훈련,
스쿼시,스포츠,전신강화운동,6,라켓 스포츠로 심폐 능력과 근력 향상,
다이빙,스포츠,유산소운동,5,물속에서의 유산소 및 균형 훈련,
서핑,스포츠,전신강화운동,6.8,바다 위에서의 균형과 전신 근력 강화,
프리 다이빙,스포츠,코어강화운동,6,호흡 조절과 코어 근육 강화,
폴 댄스,스포츠,상체근력운동,6.5,폴을 사용한 상체와 코어 강화,
플라잉 요가,스포츠,유연성및스트레칭운동,5.5,공중에서의 스트레칭과 균형 강화,
밸리 댄스,스포츠,유산소운동,5,복부와 허리를 사용한 리드미컬한 운동,
줌바 댄스,스포츠,유산소운동,6,음악과 함께하는 춤 기반 유산소운동,
링피트,스포츠,전신강화운동,5.5,게임과 운동을 결합한 전신 운동,
크로스핏,스포츠,전신강화운동,7.5,고강도 인터벌 트레이닝,
헬스,스포츠,전신강화운동,6,다양한 기구를 사용하는 근력 운동,
홈트,스포츠,전신강화운동,5,집에서 간단히 수행 가능한 운동,
기타 스포츠,스포츠,유산소운동,4,다양한 활동으로 전신과 심폐지구력 강화,
스피닝,스포츠,유산소운동,6.8,실내 자전거로 심폐와 하체 강화,
유도,스포츠,전신강화운동,7,체술과 균형 중심의 스포츠,
점핑,스포츠,유산소운동,5.8,점프 동작으로 심폐지구력 강화,
Apple 건강,스포츠,유산소운동,3.5,가벼운 신체 활동 추적,
Google 피트니스,스포츠,유산소운동,3.5,건강 추적 중심의 가벼운 활동,
발레,스포츠,유연성및스트레칭운동,5.5,예술과 균형이 결합된 운동,
배구,스포츠,전신강화운동,6.5,공격과 수비로 전신 근육 강화,
쇼트트랙,스포츠,유산소운동,7,스케이팅으로 심폐 능력과 하체 강화,
아이스하키,스포츠,전신강화운동,7.5,팀 스포츠로 전신 근육 사용,
족구,스포츠,유산소운동,6,하체와 민첩성을 사용하는 스포츠,
골프 연습장,스포츠,유연성및스트레칭운동,4,스윙 연습으로 균형과 스트레칭 제공,
스크린 골프,스포츠,유연성및스트레칭운동,3.5,스크린을 통한 골프 스윙 연습,
태극권,스포츠,유연성및스트레칭운동,4,느린 움직임과 균형 중심의 운동,
레스밀,스포츠,전신강화운동,6.8,고강도 전신 근력 운동 프로그램,
볼링,스포츠,유산소운동,4,전신 조정과 집중력이 필요한 스포츠,
당구,스포츠,유연성및스트레칭운동,3,손과 눈의 조정을 위한 가벼운 운동,
번지핏,스포츠,전신강화운동,6.5,번지 로프를 사용한 고강도 운동,
썰매,스포츠,유산소운동,6,눈 위에서의 전신 운동,
펜싱,스포츠,상체근력운동,6.5,민첩성과 상체 근력을 타겟으로 한 스포츠,
포고 홉,스포츠,유산소운동,5.5,점프와 균형을 요하는 놀이 기반 운동,
야구,스포츠,전신강화운동,6.5,팀 스포츠로 전신 근육 사용,
역도,스포츠,상체근력운동,7.5,고중량으로 상체 근력 강화,
킥복싱,스포츠,전신강화운동,7,킥과 펀치로 전신 운동,
피클볼,스포츠,유산소운동,5.5,작은 코트에서의 라켓 스포츠,
벤치 프레스,가슴,상체근력운동,5.8,바벨을 사용하여 가슴 근육 강화,
덤벨 벤치 프레스,가슴,상체근력운동,5.7,덤벨을 사용하여 가슴 근육 운동,
덤벨 풀오버,가슴,상체근력운동,5.5,덤벨로 상체 근육 스트레칭과 강화,
펙덱 플라이,가슴,상체근력운동,5.4,머신으로 가슴 근육 타겟팅,
덤벨 플라이,가슴,상체근력운동,5.6,덤벨로 가슴 근육 스트레칭과 수축,
푸쉬업,가슴,상체근력운동,5,체중을 사용하여 가슴 근육 강화,
케이블 크로스오버,가슴,상체근력운동,5.5,케이블로 가슴 근육 수축 운동,
딥스,가슴,상체근력운동,5.8,딥스 운동으로 상체 근육과 가슴 강화,
체스트 프레스 머신,가슴,상체근력운동,5.7,머신을 사용하여 가슴 근육 운동,
스미스 머신 벤치 프레스,가슴,상체근력운동,5.6,스미스 머신으로 안정적인 벤치 프레스 수행,
디클라인 벤치 프레스,가슴,상체근력운동,5.8,디클라인 벤치에서 하부 가슴 강화,
디클라인 덤벨 벤치 프레스,가슴,상체근력운동,5.6,덤벨로 하부 가슴 근육 타겟팅,
인클라인 벤치 프레스,가슴,상체근력운동,5.8,상부 가슴 근육 강화를 위한 운동,
인클라인 덤벨 벤치 프레스,가슴,상체근력운동,5.6,덤벨을 사용하여 상부 가슴 근육 강화,
로우 케이블 크로스오버,가슴,상체근력운동,5.5,케이블로 하부 가슴 근육 타겟팅,
케이블 벤치 프레스,가슴,상체근력운동,5.4,케이블을 사용하여 벤치 프레스 수행,
밴드 체스트 프레스,가슴,상체근력운동,5.3,밴드를 사용하여 가슴 근육 운동,
디클라인 스미스 머신 벤치 프레스,가슴,상체근력운동,5.7,스미스 머신으로 안정적인 하부 가슴 운동,
인클라인 스미스 머신 벤치 프레스,가슴,상체근력운동,5.7,스미스 머신으로 상부 가슴 근육 강화,
인클라인 케이블 벤치 프레스,가슴,상체근력운동,5.6,케이블로 상부 가슴 근육 타겟팅,
인클라인 벤치 프레스 머신,가슴,상체근력운동,5.7,머신으로 상부 가슴 근육 강화,
인클라인 덤벨 플라이,가슴,상체근력운동,5.6,덤벨로 상부 가슴 스트레칭과 강화,
디클라인 벤치 프레스 머신,가슴,상체근력운동,5.6,머신으로 하부 가슴 근육 강화,
인클라인 케이블 플라이,가슴,상체근력운동,5.5,케이블로 상부 가슴 근육 수축,
인클라인 푸쉬업,가슴,상체근력운동,5.3,체중을 사용하여 상부 가슴 강화,
해머 벤치 프레스,가슴,상체근력운동,5.7,해머 머신을 사용하여 가슴 근육 강화,
원 암 덤벨 벤치프레스,가슴,상체근력운동,5.6,한쪽 팔씩 덤벨로 가슴 근육 운동,
디클라인 푸쉬업,가슴,상체근력운동,5.4,디클라인 자세에서 가슴 근육 강화,
숄더 탭 푸쉬업,가슴,상체근력운동,5.5,푸쉬업 중 어깨 터치로 균형 강화,
니 푸쉬업,가슴,상체근력운동,4.5,무릎을 대고 수행하는 가슴 근육 운동,
바벨 풀오버,가슴,상체근력운동,5.7,바벨로 상체 근육 스트레칭과 강화,
벤치 케이블 플라이,가슴,상체근력운동,5.5,벤치에서 케이블로 가슴 근육 수축,
아처 푸쉬업,가슴,상체근력운동,5.6,팔을 벌려 수행하는 푸쉬업,
다이아몬드 푸쉬업,가슴,상체근력운동,5.7,손을 다이아몬드 모양으로 만들어 가슴 강화,
와이드 푸쉬업,가슴,상체근력운동,5.4,팔을 넓게 벌려 수행하는 푸쉬업,
오버헤드 가슴 스트레칭,가슴,유연성및스트레칭운동,3.5,가슴 근육을 늘려주는 스트레칭,
랩 어라운드 가슴 스트레칭,가슴,유연성및스트레칭운동,3.4,양팔로 가슴 근육을 감싸며 스트레칭,
비하인드 암 가슴 스트레칭,가슴,유연성및스트레칭운동,3.5,팔을 뒤로 하여 가슴 스트레칭,
동적 가슴 스트레칭,가슴,유연성및스트레칭운동,3.6,움직임을 동반한 가슴 스트레칭,
엘보우 백 가슴 스트레칭,가슴,유연성및스트레칭운동,3.5,팔꿈치를 뒤로 젖혀 가슴 근육 스트레칭,
원 암 가슴 스트레칭,가슴,유연성및스트레칭운동,3.5,한쪽 팔씩 스트레칭하여 가슴 근육 이완,
해머스트렝스 체스트 프레스,가슴,상체근력운동,5.7,해머 머신으로 안정적인 가슴 근육 운동,
퍼즈 벤치 프레스,가슴,상체근력운동,5.8,잠시 멈추며 수행하는 벤치 프레스,
해머스트렝스 인클라인 체스트 프레스,가슴,상체근력운동,5.7,해머 머신으로 상부 가슴 근육 강화,
어시스트 딥스,가슴,상체근력운동,5.5,도움이 있는 딥스 운동으로 가슴 강화,
중량 딥스,가슴,상체근력운동,5.8,추가 무게를 사용하여 가슴 근육 강화,
링 딥,가슴,상체근력운동,5.7,링을 사용한 딥스로 상체 근육 강화,
폼롤러 펙,가슴,유연성및스트레칭운동,3.5,폼롤러를 사용한 가슴 근육 스트레칭,
추천 가슴 운동,가슴,상체근력운동,5.5,가슴 근육 강화에 추천되는 운동,
해머스트렝스 디클라인 체스트 프레스,가슴,상체근력운동,5.8,해머 머신으로 하부 가슴 근육 강화,
밴드 체스트 플라이,가슴,상체근력운동,5.3,밴드로 가슴 근육 스트레칭과 강화,
밴드 크로스오버,가슴,상체근력운동,5.4,밴드로 가슴 근육 수축 운동,
인클라인 클로즈 그립 벤치 프레스,가슴,상체근력운동,5.7,클로즈 그립으로 상부 가슴 강화,
클로즈 그립 덤벨 벤치 프레스,가슴,상체근력운동,5.6,덤벨로 클로즈 그립 가슴 근육 운동,
중량 푸쉬업,가슴,상체근력운동,5.5,체중 외 추가 무게를 사용하여 가슴 강화,
보수볼 푸쉬업,가슴,상체근력운동,5.4,보수볼을 활용한 안정성과 가슴 강화,
케틀벨 푸쉬업,가슴,상체근력운동,5.6,케틀벨을 사용하여 가슴 근육 운동,
핸드 릴리즈 푸쉬업,가슴,상체근력운동,5.4,푸쉬업 동작에 릴리즈를 추가한 운동,
인클라인 클로즈 그립 덤벨 벤치 프레스,가슴,상체근력운동,5.7,클로즈 그립으로 덤벨 사용,
밴드 벤치 프레스,가슴,상체근력운동,5.4,밴드를 활용한 벤치 프레스,
로우 밴드 크로스오버,가슴,상체근력운동,5.4,밴드로 하부 가슴 타겟팅,
링 푸쉬업,가슴,상체근력운동,5.7,링을 활용한 가슴 근육 운동,
원 암 푸쉬업,가슴,상체근력운동,5.8,한쪽 팔만 사용하는 고난도 푸쉬업,
스텝박스 푸쉬업,가슴,상체근력운동,5.5,스텝박스를 활용한 푸쉬업,
해머 스트렝스 MTS 인클라인 프레스,가슴,상체근력운동,5.7,해머 머신으로 상부 가슴 근육 강화,
해머 스트렝스 MTS 디클라인 프레스,가슴,상체근력운동,5.6,해머 머신으로 하부 가슴 근육 강화,
해머 스트렝스 MTS 체스트 프레스,가슴,상체근력운동,5.7,해머 머신으로 가슴 근육 운동,
해머 스트렝스 벤치 프레스,가슴,상체근력운동,5.6,해머 머신으로 안정적인 가슴 운동,
해머 스트렝스 와이드 체스트 프레스,가슴,상체근력운동,5.7,와이드 그립으로 해머 머신 사용,
해머 스트렝스 레터럴 레이즈,가슴,상체근력운동,5.4,해머 머신으로 어깨와 가슴 강화,
해머 스트렝스 원 암 디클라인 체스트 프레스,가슴,상체근력운동,5.7,한쪽 팔로 수행하는 디클라인 프레스,
잭해머 푸쉬다운,가슴,상체근력운동,5.6,잭해머 장비로 상체 강화,
얼터네이트 덤벨 벤치 프레스,가슴,상체근력운동,5.7,덤벨을 번갈아 사용하여 수행,
벤치 프레스 머신,가슴,상체근력운동,5.7,머신을 사용한 가슴 근육 강화,
인클라인 해머 벤치 프레스,가슴,상체근력운동,5.7,해머 머신으로 상부 가슴 운동,
정지 푸쉬업,가슴,상체근력운동,5.5,멈춘 동작으로 수행하여 근육 자극 강화,
케이블 체스트 프레스,가슴,상체근력운동,5.6,케이블을 사용하여 가슴 근육 강화,
풀오버 머신 (가슴 집중),가슴,상체근력운동,5.5,머신으로 가슴 근육을 타겟팅,
토쳐 펙 덱 플라이 머신,가슴,상체근력운동,5.5,머신으로 가슴 근육 스트레칭과 수축,
이지바 벤치 프레스,가슴,상체근력운동,5.6,이지바를 사용하여 벤치 프레스 수행,
암 크로스오버,가슴,상체근력운동,5.4,양팔을 교차시키며 가슴 근육 수축,
베어 푸쉬업,가슴,상체근력운동,5.6,가슴과 어깨를 타겟으로 하는 기본 푸쉬업 변형,
스탠딩 엘보우 터치,가슴,유연성및스트레칭운동,3.5,가슴과 어깨 근육의 유연성을 개선,
스탠딩 얼터네이트 체스트 플라이,가슴,상체근력운동,5.4,가슴 근육을 하나씩 번갈아 타겟팅,
스탠딩 플라이,가슴,상체근력운동,5.4,케이블로 가슴 근육을 강화,
스탠딩 스트레이트 암 체스트 플라이,가슴,상체근력운동,5.5,가슴 근육의 스트레칭과 수축,
체스트 플라이 앤 프레스업,가슴,상체근력운동,5.6,플라이와 프레스를 결합한 가슴 운동,
코브라 푸쉬업,가슴,상체근력운동,5.5,가슴과 코어를 강화하는 운동,
크리스 크로스 암 리프트,가슴,유연성및스트레칭운동,3.5,가슴 근육 스트레칭과 이완,
크리스 크로스 암 프레이어 푸쉬,가슴,상체근력운동,5.4,팔을 교차하며 가슴 근육을 수축,
닐링 코브라 푸쉬업,가슴,상체근력운동,4.8,무릎을 사용하여 수행하는 코브라 푸쉬업,
닐링 숄더탭 푸쉬업,가슴,상체근력운동,4.7,무릎을 대고 어깨를 터치하며 수행,
레이 다운 푸쉬업,가슴,상체근력운동,5.3,가슴 근육과 상체를 타겟으로 하는 운동,
라잉 플로어 플라이,가슴,상체근력운동,5.5,바닥에서 가슴 근육 스트레칭과 수축,
푸쉬업 플러스,가슴,상체근력운동,5.6,추가 동작으로 가슴 근육을 더 자극,
로테이팅 푸쉬업,가슴,상체근력운동,5.7,회전 동작을 추가하여 균형을 강화,
로테이셔널 푸쉬업 니 탭,가슴,상체근력운동,5.6,무릎 터치와 회전 동작을 포함한 푸쉬업,
TRX 체스트 프레스 투 롤 아웃,가슴,상체근력운동,5.7,TRX 장비로 가슴 근육과 코어 강화,
스포토 프레스,가슴,상체근력운동,5.8,잠시 멈추며 수행하는 벤치 프레스 변형,
스탠딩 덤벨 플라이,가슴,상체근력운동,5.4,덤벨을 사용하여 가슴 근육을 강화,
버티컬 체스트 프레스,가슴,상체근력운동,5.6,수직 방향으로 가슴 근육 강화,
스탠딩 케이블 플라이,가슴,상체근력운동,5.5,케이블을 사용하여 가슴 근육 수축,
스탠딩 디클라인 플라이 머신,가슴,상체근력운동,5.5,머신으로 하부 가슴 근육을 타겟팅,
디클라인 덤벨 플라이,가슴,상체근력운동,5.6,덤벨로 하부 가슴 근육 강화,
리버스 그립 벤치프레스,가슴,상체근력운동,5.7,리버스 그립으로 수행하는 벤치 프레스,
원암 케이블 체스트 프레스,가슴,상체근력운동,5.6,한쪽 팔만 사용하는 가슴 근육 운동,
컨버징 체스트 프레스 머신,가슴,상체근력운동,5.7,머신으로 가슴 근육을 타겟팅,
덤벨 스벤드 프레스,가슴,상체근력운동,5.6,덤벨을 이용한 가슴 근육 운동,
정지 벤치프레스,가슴,상체근력운동,5.8,멈춤 동작을 추가하여 근육 자극을 증가,
너클 푸쉬업,가슴,상체근력운동,5.5,주먹을 사용하여 수행하는 푸쉬업,
플레이트 로드 플라이 머신,가슴,상체근력운동,5.5,머신을 사용하여 가슴 근육을 타겟팅,
레그 레이즈,코어,코어강화운동,5.2,복부 하부를 타겟으로 한 다리 올리기 운동,
크런치,코어,코어강화운동,5,복부 상부를 타겟으로 한 기본 운동,
케이블 크런치,코어,코어강화운동,5.4,케이블을 사용하여 복부 근육 강화,
캡틴스 체어 레그 레이즈,코어,코어강화운동,5.6,복부 하부를 타겟으로 하는 체어 운동,
행잉 레그 레이즈,코어,코어강화운동,5.8,매달린 상태에서 복부 하부 강화,
바이시클 크런치,코어,코어강화운동,5.3,복부와 측면을 동시에 강화,
디클라인 크런치,코어,코어강화운동,5.5,디클라인 벤치를 활용한 크런치,
덤벨 사이드 밴드,코어,코어강화운동,5.4,덤벨을 사용하여 측면 복부 강화,
플랭크,코어,코어강화운동,5.2,전신 안정성을 향상시키는 운동,
브이 업,코어,코어강화운동,5.6,복부 전체를 타겟으로 한 복합 운동,
AB 슬라이드,코어,코어강화운동,5.7,슬라이더를 사용하여 복부를 강화,
크로스 바디 크런치,코어,코어강화운동,5.4,복부 측면과 상부를 동시에 강화,
크런치 머신,코어,코어강화운동,5.3,머신을 사용하여 복부 상부 근육 강화,
니 투 엘보,코어,코어강화운동,5.5,복부 측면과 상부를 타겟으로 한 운동,
오블리크 크런치,코어,코어강화운동,5.5,복부 측면을 집중적으로 강화,
리버스 플랭크,코어,코어강화운동,5.2,등과 복부를 동시에 강화,
러시안 트위스트,코어,코어강화운동,5.4,측면 복부를 타겟으로 한 회전 운동,
케이블 사이드 밴드,코어,코어강화운동,5.6,케이블을 사용하여 복부 측면 강화,
사이드 플랭크,코어,코어강화운동,5.3,측면 복부와 전신 안정성을 향상,
싯 업,코어,코어강화운동,5.4,전통적인 복부 운동으로 상부 복부를 강화,
슈퍼맨,코어,코어강화운동,5.2,허리와 코어 근육을 강화하는 운동,
토 투 바,코어,코어강화운동,5.8,복부 전체를 타겟으로 한 고강도 운동,
케틀벨 스윙,코어,전신강화운동,6,전신의 파워와 코어를 강화,
바벨 쓰러스터,코어,전신강화운동,6.5,코어와 상체를 동시에 강화,
마운틴 클라이머,코어,유산소운동,6.2,코어와 심혈관을 동시에 강화,
드래곤 플래그,코어,코어강화운동,6.5,고난도의 복부 강화 운동,
할로우,코어,코어강화운동,5.3,복부 안정성을 향상시키는 운동,
리버스 크런치,코어,코어강화운동,5.4,복부 하부를 타겟으로 한 운동,
크리스 크로스,코어,코어강화운동,5.3,복부와 측면을 동시에 강화,
시티드 니업,코어,코어강화운동,5.2,앉아서 복부 하부를 타겟으로 한 운동,
사이드 레그 레이즈,코어,코어강화운동,5.3,복부 측면을 타겟으로 한 운동,
플랭크 푸쉬업,코어,코어강화운동,5.5,복부와 상체를 동시에 강화,
로테이션 푸쉬업,코어,코어강화운동,5.6,회전 동작을 추가한 푸쉬업,
풀 플랭크,코어,코어강화운동,5.4,전신 안정성을 향상시키는 플랭크,
케이블 우드 쵸퍼,코어,코어강화운동,5.6,회전 동작으로 복부 측면을 강화,
힐 터치 크런치,코어,코어강화운동,5.3,측면 복부를 타겟으로 한 간단한 운동,
덤벨 쓰러스터,코어,전신강화운동,6.3,코어와 상체 근육을 동시에 강화,
레그 레이즈 힙 리프트,코어,코어강화운동,5.5,복부와 엉덩이를 동시에 강화,
로테이션 플랭크,코어,코어강화운동,5.6,회전 동작을 추가한 플랭크,
버드 독,코어,코어강화운동,5.4,균형과 안정성을 향상,
스타피쉬 크런치,코어,코어강화운동,5.5,복부 전체를 타겟으로 한 운동,
스파이더맨 푸쉬업,코어,코어강화운동,5.6,코어와 상체를 동시에 강화,
암 앤 레그 리프트,코어,코어강화운동,5.4,복부와 상체를 동시에 타겟팅,
프론트 킥,코어,코어강화운동,5.2,복부와 하체를 동시에 강화,
플랭크 잭,코어,코어강화운동,5.4,코어와 유산소운동을 결합,
힙 레이즈 플랭크,코어,코어강화운동,5.3,복부와 엉덩이를 강화,
토르소 로테이션,코어,코어강화운동,5.4,복부와 허리 근육을 회전 동작으로 강화,
플러터 킥,코어,코어강화운동,5.3,복부 하부를 타겟으로 한 운동,
사이드 니업,코어,코어강화운동,5.2,복부 측면을 타겟으로 한 운동,
스탠딩 바이시클,코어,코어강화운동,5.3,서서 복부와 측면을 강화,
크로스오버 토터치,코어,코어강화운동,5.4,측면 복부와 상부 복부를 동시에 강화,
데드 벅,코어,코어강화운동,5.5,복부 안정성을 향상,
머슬업,코어,전신강화운동,6.8,전신을 타겟으로 한 고난도 운동,
케틀벨 터키쉬 겟업,코어,코어강화운동,6,코어와 전신 안정성을 강화하는 복합 운동,
원 암 케틀벨 스내치,코어,전신강화운동,6.2,한 손으로 수행하는 고강도 케틀벨 운동,
케틀벨 행 클린,코어,전신강화운동,6.1,케틀벨을 사용한 폭발적 클린 동작,
바벨 행 클린,코어,전신강화운동,6.3,바벨을 사용하여 수행하는 클린 동작,
바벨 행 스내치,코어,전신강화운동,6.5,바벨을 사용한 고강도 스내치 동작,
바벨 머슬 클린,코어,전신강화운동,6.4,근육 발달을 위한 바벨 클린 동작,
바벨 파워 스내치,코어,전신강화운동,6.6,파워를 중점적으로 수행하는 바벨 스내치,
바벨 파워 클린,코어,전신강화운동,6.5,파워 중심의 바벨 클린 동작,
덤벨 클린,코어,전신강화운동,6,덤벨을 사용하여 수행하는 클린 동작,
덤벨 파워 클린,코어,전신강화운동,6.2,덤벨을 활용한 고강도 클린 운동,
원 암 덤벨 스내치,코어,전신강화운동,6.3,한 손으로 수행하는 덤벨 스내치,
바벨 스내치 하이풀,코어,전신강화운동,6.5,바벨을 사용하여 수행하는 고강도 하이풀,
케틀벨 쓰러스터,코어,전신강화운동,6.4,케틀벨로 수행하는 전신 운동,
중량 디클라인 크런치,코어,코어강화운동,5.6,중량을 활용한 디클라인 크런치,
보수볼 싱글 레그 스탠드,코어,코어강화운동,5.4,보수볼을 사용하여 균형을 강화,
원 레그 플랭크,코어,코어강화운동,5.5,한 다리로 수행하는 플랭크,
인클라인 트위스트 싯 업,코어,코어강화운동,5.6,복부 측면과 상부를 강화하는 운동,
인클라인 레그 레이즈,코어,코어강화운동,5.5,인클라인 벤치를 활용한 레그 레이즈,
추천 코어 운동,코어,코어강화운동,5.4,추천하는 다양한 코어강화운동,
물구나무서기,코어,코어강화운동,5.7,전신 안정성과 코어 강화를 위한 운동,
원 암 케틀벨 스윙,코어,전신강화운동,6,한 손으로 수행하는 케틀벨 스윙,
리버스 하이퍼,코어,코어강화운동,5.8,허리와 코어를 강화하는 운동,
레인보우 플랭크,코어,코어강화운동,5.6,회전 동작이 포함된 플랭크 운동,
덤벨 러시안 트위스트,코어,코어강화운동,5.4,덤벨을 사용하여 측면 복부 강화,
더블 크런치,코어,코어강화운동,5.4,복부 상하부를 동시에 타겟팅,
레그 풀 (필라테스),코어,유연성및스트레칭운동,5.2,필라테스를 활용한 다리 스트레칭,
덤벨 스윙,코어,전신강화운동,6.1,덤벨을 활용한 전신 운동,
사이드 밴드 (로만체어),코어,코어강화운동,5.3,로만체어를 사용하여 측면 복부 강화,
보수볼 크런치,코어,코어강화운동,5.2,보수볼을 사용하여 복부를 강화,
브이 싯,코어,코어강화운동,5.5,복부 상하부를 동시에 강화하는 운동,
수건 마운틴 클라이머,코어,유산소운동,6,수건을 활용한 고강도 유산소운동,
수건 플랭크 잭,코어,코어강화운동,5.4,수건을 활용한 플랭크 변형 운동,
수건 컬시 런지,코어,하체근력운동,5.6,수건을 사용하여 하체를 강화하는 운동,
짐볼 플랭크,코어,코어강화운동,5.4,짐볼을 활용한 플랭크 운동,
짐볼 풀 인,코어,코어강화운동,5.6,짐볼로 수행하는 복부 강화 운동,
다운 독,코어,유연성및스트레칭운동,5.2,요가의 기본 동작으로 몸을 스트레칭,
싱글 다운 독,코어,유연성및스트레칭운동,5.3,싱글 다리로 수행하는 다운 독,
컨트롤 밸런스,코어,코어강화운동,5.5,균형을 유지하며 복부를 강화,
프론트 레버,코어,코어강화운동,6,고난도의 복부 및 전신강화운동,
플란체,코어,코어강화운동,6.3,전신과 코어를 동시에 강화하는 고난도 운동,
중량 크런치,코어,코어강화운동,5.6,중량을 사용하여 복부 근력을 강화,
턱 플란체,코어,코어강화운동,6,코어와 상체를 강화하는 고난도 운동,
월 볼 샷,코어,전신강화운동,6.2,전신과 유산소를 강화하는 운동,
월 워크,코어,전신강화운동,6,벽을 활용한 고강도 전신 운동,
크로스 레그 레이즈,코어,코어강화운동,5.4,다리를 교차하며 복부를 강화,
스텝박스 니업,코어,코어강화운동,5.4,스텝박스를 사용하여 코어를 강화,
해머 스트렝스 MTS 업도미널 크런치,코어,코어강화운동,5.5,머신을 사용하여 복부를 강화,
헌드레드 (필라테스),코어,유연성및스트레칭운동,4.8,필라테스 기본 호흡 운동,
롤 업 (필라테스),코어,코어강화운동,5,복부를 강화하고 유연성을 기르는 필라테스 운동,
롤 오버 (필라테스),코어,유연성및스트레칭운동,5.2,척추 유연성과 복부 강화를 위한 필라테스 동작,
원 레그 서클 (필라테스),코어,유연성및스트레칭운동,5,고관절과 복부를 강화하는 필라테스 동작,
롤링 백 (필라테스),코어,유연성및스트레칭운동,4.9,척추 유연성을 높이는 필라테스 동작,
원 레그 스트레치 (필라테스),코어,유연성및스트레칭운동,5.1,다리와 코어를 강화하는 필라테스 운동,
더블 레그 스트레치 (필라테스),코어,코어강화운동,5.4,복부와 다리의 근력을 강화하는 필라테스 운동,
스파인 스트레치 (필라테스),코어,유연성및스트레칭운동,5,척추와 하체 유연성을 기르는 운동,
콕 스크류 (필라테스),코어,코어강화운동,5.5,복부와 척추의 유연성을 높이는 필라테스 동작,
쏘우 (필라테스),코어,유연성및스트레칭운동,5.2,척추 회전과 유연성을 강화하는 필라테스 동작,
스완 다이브 (필라테스),코어,유연성및스트레칭운동,5.3,상체 유연성과 코어 강화를 위한 필라테스 운동,
넥 풀 (필라테스),코어,코어강화운동,5.6,목과 척추를 강화하며 복부를 타겟으로 하는 필라테스 동작,
스파인 트위스트 (필라테스),코어,유연성및스트레칭운동,5.2,척추 회전과 복부 유연성을 위한 필라테스 동작,
잭 나이프 (필라테스),코어,코어강화운동,5.8,복부와 허리의 강화를 위한 고난도 필라테스 동작,
티저 (필라테스),코어,코어강화운동,5.7,복부 상하부를 타겟으로 하는 고난도 필라테스 동작,
레그 풀 프론트 (필라테스),코어,코어강화운동,5.5,전신의 균형과 코어 강화를 위한 필라테스 운동,
레그 풀 (필라테스),코어,코어강화운동,5.4,다리와 코어를 동시에 강화하는 필라테스 운동,
사이드킥 닐링 (필라테스),코어,코어강화운동,5.5,측면 복부와 하체를 강화하는 필라테스 동작,
행잉 니 레이즈,코어,코어강화운동,5.8,복부와 다리를 강화하는 운동,
인클라인 리버스 크런치,코어,코어강화운동,5.6,복부 하부를 타겟으로 하는 크런치 동작,
케이블 행잉 레그 레이즈,코어,코어강화운동,5.7,케이블을 사용하여 복부를 강화,
원 암 덤벨 클린 앤 프레스,코어,전신강화운동,6,한 손으로 수행하는 클린 앤 프레스 동작,
덤벨 클린 앤 프레스,코어,전신강화운동,6.2,덤벨을 사용하여 전신을 강화하는 동작,
바벨 클린 앤 프레스,코어,전신강화운동,6.3,바벨을 활용하여 전신 근육을 강화,
케틀벨 클린 앤 프레스,코어,전신강화운동,6.1,케틀벨을 사용하여 전신을 강화,
케이블 팔로프 프레스,코어,코어강화운동,5.5,코어 안정성을 강화하는 케이블 운동,
짐볼 파이크,코어,코어강화운동,5.6,짐볼을 활용한 코어강화운동,
다운독,코어,유연성및스트레칭운동,4.9,요가 기본 동작으로 전신 스트레칭,
TRX 파워 풀,코어,코어강화운동,6,TRX를 활용한 전신과 코어 운동,
덤벨 플랭크 풀 스루,코어,코어강화운동,5.7,덤벨을 사용한 플랭크 변형 운동,
중량 싯 업,코어,코어강화운동,5.6,중량을 활용한 싯 업,
로타리 토르소 머신,코어,코어강화운동,5.5,머신을 사용하여 측면 복부를 강화,
덤벨 행잉 니 레이즈,코어,코어강화운동,5.7,덤벨을 추가하여 복부를 강화,
베큠,코어,코어강화운동,5.4,복부 내 근육을 강화하는 정적 운동,
덤벨 행 클린,코어,전신강화운동,6,덤벨을 활용한 클린 운동,
중량 인클라인 싯 업,코어,코어강화운동,5.6,중량을 활용하여 복부 상부를 강화,
행 파워 클린,코어,전신강화운동,6.2,바벨을 활용한 고강도 운동,
제트 업,코어,코어강화운동,5.6,복부와 하체를 동시에 강화하는 운동,
레그 턱,코어,코어강화운동,5.5,다리를 당겨 복부를 강화,
덤벨 파머스 워크,코어,전신강화운동,6,덤벨을 들고 수행하는 전신 운동,
케이블 코어 로테이션,코어,코어강화운동,5.5,회전 동작으로 복부를 강화,
머슬 레일 보드,코어,코어강화운동,5.7,머슬보드 활용한 코어 운동,
케이블 오블리크 트위스트,코어,코어강화운동,5.6,케이블로 측면 복부를 강화,
케틀벨 사이드 밴드,코어,코어강화운동,5.5,케틀벨을 사용하여 측면 복부 강화,
케틀벨 윈드밀,코어,코어강화운동,5.6,케틀벨과 전신 유연성을 강화하는 운동,
원 레그 푸쉬업,코어,코어강화운동,5.4,한 다리로 수행하는 푸쉬업,
라잉 레그 레이즈 클랩,코어,코어강화운동,5.6,복부 하부와 상부를 강화,
케틀벨 찹 앤 리프트,코어,코어강화운동,5.7,케틀벨로 복부를 강화하는 운동,
얼터네이팅 니 턱,코어,코어강화운동,5.5,무릎을 교대로 당기며 복부를 강화,
백 서포티드 니 레이즈,코어,코어강화운동,5.6,백 서포트와 함께 복부 강화,
넥 컬,코어,코어강화운동,5.4,목과 상부 복부를 강화,
덤벨 마치,코어,전신강화운동,5.8,걷는 동작과 덤벨을 결합한 전신 운동,
덤벨 리스트 컬,전완근,상체근력운동,4.5,손목 굴곡근을 강화하는 덤벨 운동,
바벨 리스트 컬,전완근,상체근력운동,4.7,손목과 전완근을 강화하는 바벨 운동,
리스트 롤러,전완근,상체근력운동,4.6,손목 회전 근육을 강화하는 도구 기반 운동,
리버스 바벨 리스트 컬,전완근,상체근력운동,4.5,손목 신전근을 타겟으로 하는 운동,
리버스 덤벨 리스트 컬,전완근,상체근력운동,4.5,손목 신전근과 전완근을 강화하는 덤벨 운동,
추천 전완근 운동,전완근,상체근력운동,4.4,전완근에 효과적인 추천 운동 세트,
악력기,전완근,상체근력운동,4.3,악력을 강화하는 간단한 기구 운동,
플레이트 컬,전완근,상체근력운동,4.5,전완근을 강화하는 플레이트를 활용한 운동,
덤벨 손목 비틀기운동,전완근,상체근력운동,4.4,손목 회전을 통해 전완근을 강화,
덤벨 비하인드 백 컬,전완근,상체근력운동,4.6,덤벨을 활용하여 전완근과 손목 강화,
케이블 리스트 컬,전완근,상체근력운동,4.7,케이블 머신을 활용한 전완근 강화 운동,
조트맨 컬,전완근,상체근력운동,4.6,상완근과 전완근을 동시에 타겟팅,
오버헤드 프레스,어깨,상체근력운동,6,어깨와 상체를 강화하는 기본 운동,
덤벨 숄더 프레스,어깨,상체근력운동,5.8,어깨 근육을 타겟으로 한 덤벨 운동,
덤벨 레터럴 레이즈,어깨,상체근력운동,5.5,어깨 측면 근육을 강화하는 운동,
숄더 프레스 머신,어깨,상체근력운동,5.9,어깨 근육을 타겟으로 한 머신 기반 운동,
레터럴 레이즈 머신,어깨,상체근력운동,5.4,어깨 측면을 강화하는 머신 운동,
시티드 오버헤드 프레스,어깨,상체근력운동,6,앉아서 어깨와 상체를 강화,
덤벨 프론트 레이즈,어깨,상체근력운동,5.3,어깨 전면 근육을 강화하는 운동,
바벨 프론트 레이즈,어깨,상체근력운동,5.6,바벨을 활용하여 어깨 전면 강화,
페이스 풀,어깨,상체근력운동,5.4,어깨와 등 상부를 강화하는 운동,
리버스 케이블 플라이,어깨,상체근력운동,5.3,어깨 후면과 상체를 강화,
바벨 슈러그,어깨,상체근력운동,5.5,어깨 상부와 등 근육을 강화,
펙 덱 리어 델트,어깨,상체근력운동,5.3,어깨 후면을 타겟으로 한 머신 운동,
아놀드 프레스,어깨,상체근력운동,6,"어깨 전면, 측면, 후면을 강화하는 복합 운동",
벤트 오버 레터럴 레이즈,어깨,상체근력운동,5.5,어깨 후면을 타겟으로 한 운동,
스미스 머신 오버헤드 프레스,어깨,상체근력운동,6,스미스 머신을 활용한 어깨 운동,
밴드 프론트 레이즈,어깨,상체근력운동,5.2,밴드를 사용하여 어깨 전면 강화,
플레이트 프론트 레이즈,어깨,상체근력운동,5.3,플레이트를 활용한 어깨 전면 강화,
케이블 프론트 레이즈,어깨,상체근력운동,5.4,케이블을 사용하여 어깨 전면 강화,
밴드 레터럴 레이즈,어깨,상체근력운동,5.2,밴드를 활용한 어깨 측면 강화,
케이블 레터럴 레이즈,어깨,상체근력운동,5.3,케이블을 사용한 어깨 측면 강화,
케이블 숄더 프레스,어깨,상체근력운동,5.6,케이블을 활용한 어깨 근육 강화,
덤벨 슈러그,어깨,상체근력운동,5.4,덤벨을 사용한 어깨 상부 강화,
바벨 업라이트 로우,어깨,상체근력운동,5.6,바벨을 사용한 어깨 상부 강화,
덤벨 업라이트 로우,어깨,상체근력운동,5.5,덤벨을 사용한 어깨 상부 운동,
스미스 머신 슈러그,어깨,상체근력운동,5.5,스미스 머신을 활용한 어깨 상부 강화,
비하인드 넥 프레스,어깨,상체근력운동,5.8,어깨 후면과 상체를 강화,
스미스 머신 비하인드 넥 프레스,어깨,상체근력운동,5.8,스미스 머신으로 어깨 후면 강화,
이지바 프론트 레이즈,어깨,상체근력운동,5.4,이지바를 활용한 어깨 전면 강화,
벤트 오버 레터럴 레이즈 머신,어깨,상체근력운동,5.5,어깨 후면을 타겟으로 한 머신 운동,
파이크 푸쉬업,어깨,전신강화운동,6,어깨와 전신을 동시에 강화하는 운동,
원 암 덤벨 숄더프레스,어깨,상체근력운동,5.6,어깨 근육을 타겟으로 한 단일 팔 운동,
암 워킹 푸쉬업,어깨,전신강화운동,6.2,어깨와 전신을 함께 강화하는 복합 운동,
플로어 인버티드 숄더프레스,어깨,상체근력운동,5.8,인버티드 자세에서 어깨 강화,
덤벨 비하인드 넥 프레스,어깨,상체근력운동,5.7,덤벨을 사용하여 어깨 후면 강화,
플랭크 레터럴 레이즈,어깨,코어강화운동,5.5,어깨와 코어를 함께 타겟으로 함,
힌두 푸쉬업,어깨,전신강화운동,6.1,전신 스트레칭과 근력 강화를 동시에,
회전근개 미디얼 로테이션,어깨,유연성및스트레칭운동,4,회전근개 근육을 스트레칭하고 강화,
동적 후면 어깨 스트레칭,어깨,유연성및스트레칭운동,3.5,후면 어깨를 타겟으로 한 스트레칭,
암 써클링 어깨 스트레칭,어깨,유연성및스트레칭운동,3.5,어깨 전체의 유연성을 향상,
엘보우 써클링 어깨 스트레칭,어깨,유연성및스트레칭운동,3.5,어깨 관절의 유연성을 향상,
벤트오버 케이블 레터럴 레이즈,어깨,상체근력운동,5.4,케이블을 활용한 어깨 후면 강화,
원 암 케이블 프론트 레이즈,어깨,상체근력운동,5.3,케이블로 어깨 전면 근육 강화,
인클라인 덤벨 리어 레터럴 레이즈,어깨,상체근력운동,5.5,인클라인 자세에서 어깨 후면 강화,
원 암 덤벨 레터럴 레이즈,어깨,상체근력운동,5.4,단일 팔을 타겟으로 한 어깨 측면 운동,
원 암 케틀벨 아놀드 프레스,어깨,상체근력운동,5.8,케틀벨을 활용한 어깨 강화,
케틀벨 스트릭 프레스,어깨,상체근력운동,5.7,케틀벨을 사용하여 어깨 근력 강화,
해머스트렝스 숄더 프레스,어깨,상체근력운동,5.9,머신을 사용한 어깨 근육 강화,
패러럴 그립 펙 덱 리어 델트,어깨,상체근력운동,5.5,펙 덱을 활용한 어깨 후면 운동,
랜드마인 프레스,어깨,상체근력운동,5.8,랜드마인을 활용한 어깨 전면 강화,
원 암 랜드마인 프레스,어깨,상체근력운동,5.9,단일 팔을 타겟으로 한 운동,
케틀벨 헤드 로테이션,어깨,유연성및스트레칭운동,3.8,어깨와 목의 유연성을 높이는 운동,
추천 어깨 운동,어깨,상체근력운동,5.6,효과적인 어깨 운동을 추천,
원 암 페이스 풀,어깨,상체근력운동,5.7,단일 팔을 활용한 어깨 및 등 상부 운동,
후면 어깨 스트레칭,어깨,유연성및스트레칭운동,3.5,어깨 후면 근육 스트레칭,
앞쪽 어깨/가슴 스트레칭,어깨,유연성및스트레칭운동,3.5,어깨와 가슴 근육 스트레칭,
동적 어깨 스트레칭,어깨,유연성및스트레칭운동,3.5,어깨의 유연성을 높이는 동적 스트레칭,
비하인드 더 백 어깨 스트레칭,어깨,유연성및스트레칭운동,3.5,어깨의 유연성과 자세 개선을 위한 스트레칭,
오버헤드 어깨 스트레칭,어깨,유연성및스트레칭운동,3.5,어깨 근육을 늘리고 유연성을 개선,
에어 레터럴 레이즈,어깨,상체근력운동,5.3,어깨 근육을 타겟으로 하는 공중 동작,
바벨 리버스 레이즈,어깨,상체근력운동,5.5,바벨을 사용한 어깨 후면 강화 운동,
밴드 리버스 플라이,어깨,상체근력운동,5.4,밴드를 사용하여 어깨 후면 근육 타겟팅,
밴드 리어 델트 킥백,어깨,상체근력운동,5.4,밴드로 어깨 후면 근육을 강화,
스키 로우,어깨,상체근력운동,5.6,스키 동작을 모방하여 어깨와 팔 운동,
밴드 오버헤드 프레스,어깨,상체근력운동,5.3,밴드를 사용한 어깨 근육 강화,
인클라인 덤벨 Y 레이즈,어깨,상체근력운동,5.4,덤벨로 어깨 상부와 후면 근육 타겟팅,
어라운드 더 월드,어깨,유연성및스트레칭운동,3.8,어깨 유연성을 위한 회전 동작,
어라운드 더 월드(덤벨),어깨,상체근력운동,5.4,덤벨로 어깨 회전 동작 수행,
덤벨 오버헤드 프레스,어깨,상체근력운동,5.5,덤벨로 어깨 근육 강화,
원 암 덤벨 오버헤드 프레스,어깨,상체근력운동,5.6,한쪽 팔만 사용하는 어깨 근육 운동,
힙 허거,어깨,유연성및스트레칭운동,3.6,어깨 근육의 긴장을 풀어주는 스트레칭,
밴드 벤트 오버 레터럴 레이즈,어깨,상체근력운동,5.4,밴드를 사용한 어깨 후면 강화,
물구나무 푸쉬업,어깨,전신강화운동,6,어깨와 전신 근육 강화에 효과적,
스탠딩 레터럴 레이즈 머신,어깨,상체근력운동,5.4,머신을 사용한 어깨 근육 강화,
바이킹 프레스,어깨,상체근력운동,5.6,어깨 근육과 상체를 타겟으로 하는 운동,
해머스트렝스 숄더프레스,어깨,상체근력운동,5.7,해머 머신으로 어깨 근육 강화,
해머 스트렝스 MTS 숄더 프레스,어깨,상체근력운동,5.7,해머 머신으로 어깨 근육 강화,
해머 스트렝스 원 암 숄더 프레스,어깨,상체근력운동,5.7,해머 머신으로 한쪽 어깨 강화,
플레이트 프론트 로테이션 레이즈,어깨,상체근력운동,5.5,플레이트로 어깨 근육 강화,
케이블 업라이트 로우,어깨,상체근력운동,5.5,케이블을 사용하여 어깨 근육 강화,
스탠딩 덤벨 숄더 프레스,어깨,상체근력운동,5.6,덤벨로 어깨 근육 강화,
리버스 숄더 프레스 머신,어깨,상체근력운동,5.6,머신을 사용한 어깨 후면 강화,
원 암 덤벨 프론트 레이즈,어깨,상체근력운동,5.6,한쪽 팔만 사용하는 어깨 근육 운동,
원 암 덤벨 벤트 오버 레터럴 레이즈,어깨,상체근력운동,5.5,한쪽 팔만 사용하는 어깨 후면 운동,
플레이트 오버헤드 프레스,어깨,상체근력운동,5.6,플레이트를 사용한 어깨 근육 강화,
스파이더 크롤,어깨,코어강화운동,5.7,어깨와 코어를 동시에 강화,
숄더 탭,어깨,코어강화운동,5.4,코어와 어깨 근육을 강화,
맨몸 벤트 오버 레터럴 레이즈,어깨,상체근력운동,5.3,맨몸으로 어깨 후면 운동,
맨몸 오버헤드 프레스,어깨,상체근력운동,5.2,맨몸으로 어깨 근육 운동,
서클 암,어깨,유연성및스트레칭운동,3.6,어깨 근육의 유연성을 개선,
라잉 리어 레터럴 레이즈,어깨,상체근력운동,5.4,어깨 후면 근육을 타겟으로 하는 동작,
스탠딩 스위머,어깨,상체근력운동,5.2,수영 동작을 모방하여 어깨 근육 강화,
스탠딩 어라운드 더 월드,어깨,유연성및스트레칭운동,3.7,어깨 유연성을 위한 회전 동작,
스탠딩 오버헤드 숄더 스트레치,어깨,유연성및스트레칭운동,3.5,어깨 근육을 늘리고 긴장을 푸는 스트레칭,
백핸드 레이즈,어깨,상체근력운동,5.3,어깨 후면을 타겟으로 하는 근력 운동,
엘보우 터치 앤 프레스업,어깨,상체근력운동,5.4,팔꿈치 동작을 포함한 어깨 근육 강화,
언더핸드 서클 드로우,어깨,유연성및스트레칭운동,3.6,어깨 근육의 유연성을 향상시키는 동작,
프론트 스쿱스,어깨,유연성및스트레칭운동,3.7,어깨 전면 근육을 자극하며 유연성을 향상,
바디 쏘우 플랭크,어깨,코어강화운동,5.6,어깨와 코어를 동시에 강화,
원 암 숄더 프레스 머신,어깨,상체근력운동,5.5,머신을 사용하여 한쪽 어깨 근육 강화,
TRX 델토이드 플라이,어깨,상체근력운동,5.7,TRX를 활용한 어깨 근육 강화,
덤벨 푸쉬 저크,어깨,전신강화운동,6,전신 근력을 강화하는 덤벨 동작,
바벨 푸쉬 저크,어깨,전신강화운동,6.2,전신 근육을 활용한 바벨 동작,
케이블 익스터널 로테이션,어깨,상체근력운동,5.4,케이블을 사용하여 어깨 회전근 강화,
슈퍼 ROM 레터럴 레이즈,어깨,상체근력운동,5.5,어깨 근육의 가동 범위를 최대화하는 운동,
원 암 케이블 리버스 플라이,어깨,상체근력운동,5.4,케이블을 사용하여 한쪽 어깨 후면 근육 강화,
원 암 펙 덱 리어 델트,어깨,상체근력운동,5.3,머신으로 어깨 후면 근육 강화,
덤벨 리버스 레이즈,어깨,상체근력운동,5.2,덤벨로 어깨 후면 근육 운동,
오버헤드 플라이,어깨,상체근력운동,5.5,어깨 상부 근육 강화 운동,
케이블 Y 레이즈,어깨,상체근력운동,5.6,케이블로 어깨 근육 강화,
덤벨 익스터널 로테이션,어깨,상체근력운동,5.4,덤벨로 어깨 회전근 강화,
덤벨 W 프레스,어깨,상체근력운동,5.3,덤벨로 어깨 근육 강화 운동,
시티드 케이블 프론트 프레스,어깨,상체근력운동,5.5,케이블로 어깨 전면 근육 강화,
스미스 머신 하이 풀,어깨,상체근력운동,5.6,스미스 머신으로 어깨 상부 근육 운동,
파나타 로잉 머신 서큘러,어깨,상체근력운동,5.4,머신을 사용하여 어깨와 등을 강화,
슬레드 풀,어깨,전신강화운동,6,슬레드를 당겨 어깨와 전신 근육 강화,
밴드 숄더 익스터널 로테이션,어깨,유연성및스트레칭운동,3.6,밴드를 사용한 어깨 회전근 운동,
밴드 숄더 인터널 로테이션,어깨,유연성및스트레칭운동,3.5,밴드를 사용한 어깨 내회전 근육 강화,
리버스 그립 오버 헤드 프레스,어깨,상체근력운동,5.5,리버스 그립을 사용한 어깨 근육 운동,
버티컬 플라이 머신,어깨,상체근력운동,5.6,머신을 사용하여 어깨 전면 근육 강화,
리버스 그립 숄더 프레스,어깨,상체근력운동,5.6,리버스 그립으로 어깨 근육 운동,
루 레이즈,어깨,상체근력운동,5.3,어깨 근육의 안정성과 가동성을 향상,
덤벨 프론트 레터럴 레이즈,어깨,상체근력운동,5.5,덤벨로 어깨 전면 근육 강화,
플레이트 로드 숄더 프레스,어깨,상체근력운동,5.5,플레이트를 사용한 어깨 근육 운동,
이지바 업라이트로우,어깨,상체근력운동,5.6,이지바로 어깨 상부 근육 운동,
덤벨 큐반 프레스,어깨,상체근력운동,5.3,덤벨로 어깨 회전근과 상부 근육 강화,
시티드 벤트 오버 레터럴 레이즈,어깨,상체근력운동,5.4,어깨 후면 근육을 타겟으로 한 운동,
케틀벨 숄더 프레스,어깨,상체근력운동,5.6,케틀벨로 어깨 근육 운동,
숄더 투 숄더 프레스,어깨,상체근력운동,5.5,케틀벨로 어깨 근육을 교차 강화,
케틀벨 바텀 업 프레스,어깨,상체근력운동,5.4,케틀벨을 거꾸로 잡아 어깨 안정성 강화,
스미스머신 업라이트 로우,어깨,상체근력운동,5.6,스미스 머신으로 어깨 상부 근육 운동,
폴리퀸 레터럴 레이즈,어깨,상체근력운동,5.5,어깨 근육의 안정성을 향상시키는 동작,
바벨 트라이셉 익스텐션,삼두,상체근력운동,7.5,팔 뒤쪽의 근육을 단련하는 고중량 운동,
케이블 트라이셉 푸쉬다운,삼두,상체근력운동,6,케이블을 이용해 삼두근을 효과적으로 단련,
원 암 덤벨 킥백,삼두,상체근력운동,5.5,팔을 뒤로 뻗어 삼두근을 강화하는 운동,
덤벨 트라이셉 익스텐션,삼두,상체근력운동,6,덤벨을 이용한 삼두근 강화 운동,
원 암 덤벨 트라이셉 익스텐션,삼두,상체근력운동,5.5,팔을 독립적으로 운동시켜 균형을 잡아주는 삼두 운동,
벤치 딥스,삼두,상체근력운동,7,벤치를 이용해 삼두근과 팔 힘을 단련,
원 암 케이블 킥백,삼두,상체근력운동,5,팔 하나씩 집중적으로 삼두근을 강화,
오버헤드 케이블 트라이셉 익스텐션 Ⅰ,삼두,상체근력운동,6,케이블로 삼두근을 머리 위로 당겨 강화,
라잉 바벨 트라이셉 익스텐션,삼두,상체근력운동,7.5,누워서 바벨을 이용해 삼두근 운동,
딥스 머신,삼두,상체근력운동,6.5,기계를 이용해 삼두근 강화 및 팔 힘 증가,
클로즈 그립 벤치프레스,삼두,상체근력운동,8,좁은 그립으로 가슴과 삼두근을 함께 단련,
원 암 케이블 트라이셉 익스텐션,삼두,상체근력운동,5.5,팔 하나로 삼두근을 집중 강화,
오버헤드 케이블 트라이셉 익스텐션 Ⅱ,삼두,상체근력운동,6,머리 위로 당기며 삼두근 강화,
트라이셉 푸쉬다운 머신,삼두,상체근력운동,6.5,머신을 이용한 삼두근 푸쉬다운 운동,
라잉 덤벨 트라이셉 익스텐션,삼두,상체근력운동,6.5,덤벨을 이용한 누운 상태의 삼두근 운동,
플로어 트라이셉 딥스,삼두,상체근력운동,5.5,바닥에서 체중을 이용한 삼두 운동,
원 암 케이블 트라이셉 푸쉬다운,삼두,상체근력운동,5.5,팔 하나씩 케이블로 삼두근 운동,
케이블 로프 트라이셉 익스텐션,삼두,상체근력운동,6,로프를 이용해 삼두근 강화,
트라이셉 익스텐션 머신,삼두,상체근력운동,6.5,기계를 이용한 삼두근 익스텐션 운동,
추천 삼두 운동,삼두,상체근력운동,7,삼두근 강화에 추천되는 종합 운동,
닐링 트라이셉스 익스텐션,삼두,상체근력운동,5,무릎을 꿇고 삼두근을 강화,
오버헤드 트라이셉스 익스텐션,삼두,상체근력운동,6,머리 위로 삼두근을 운동,
체어 딥스,삼두,상체근력운동,6.5,의자를 이용한 체중 기반 삼두 운동,
월 푸쉬 업,삼두,상체근력운동,4,벽을 이용한 초급 삼두 운동,
암 크로스오버,삼두,상체근력운동,5,팔을 교차시키며 삼두근을 운동,
스탠딩 엘보우 클랩,삼두,상체근력운동,5,팔꿈치를 움직이며 삼두근 운동,
스탠딩 엘보우 터치,삼두,상체근력운동,5,팔꿈치를 터치하며 삼두근을 강화,
써클 암,삼두,유연성및스트레칭운동,3.5,팔 근육을 부드럽게 스트레칭,
숄더 익스터널 앤 인터널 로테이션,삼두,유연성및스트레칭운동,4,어깨와 삼두근을 부드럽게 스트레칭,
프레이어 푸쉬,삼두,상체근력운동,5,기도 자세에서 삼두근 운동,
스트레이트 암 덤벨 킥백,삼두,상체근력운동,5.5,팔을 뒤로 뻗어 삼두근을 강화,
오버헤드 덤벨 트라이셉스 익스텐션,삼두,상체근력운동,6,덤벨을 이용한 머리 위 삼두 운동,
밴드 트라이셉 푸쉬다운,삼두,상체근력운동,5,밴드를 이용한 삼두근 푸쉬다운,
밴드 트라이셉 킥백,삼두,상체근력운동,4.5,밴드로 팔을 뒤로 차며 삼두근 운동,
인클라인 바벨 트라이셉 익스텐션,삼두,상체근력운동,7,경사에서 바벨을 이용해 삼두 운동,
인클라인 이지바 트라이셉 익스텐션,삼두,상체근력운동,6.5,경사에서 이지바를 이용한 삼두 운동,
인클라인 라잉 트라이셉 익스텐션(덤벨),삼두,상체근력운동,6,경사에서 덤벨을 이용해 삼두근 강화,
덤벨 킥백,삼두,상체근력운동,5.5,덤벨을 이용해 팔을 뒤로 차며 운동,
해머 스트렝스 트라이셉 익스텐션,삼두,상체근력운동,6,해머 스트렝스 기계를 이용한 삼두 운동,
해머 스트렝스 원 암 트라이셉 익스텐션,삼두,상체근력운동,5.5,해머 스트렝스를 이용해 독립적인 삼두 운동,
오버헤드 트라이셉 익스텐션 머신,삼두,상체근력운동,6.5,머신을 이용해 머리 위 삼두 운동,
JM 프레스,삼두,상체근력운동,7,고중량 삼두근 운동으로 팔 힘 증가,
덤벨 제이엠 프레스,삼두,상체근력운동,6,덤벨을 이용한 제이엠 프레스,
스피드 풀,삼두,상체근력운동,6,빠르게 당기는 동작으로 삼두 운동,
덤벨 테이트 프레스,삼두,상체근력운동,6.5,덤벨로 팔을 굽혀 삼두근 강화,
트라이셉 프레스 머신,삼두,상체근력운동,6.5,머신을 이용한 삼두근 프레스,
케이블 리버스 푸쉬다운,삼두,상체근력운동,6,케이블로 삼두근을 역으로 당기는 운동,
케이블 크로스 트라이셉스 익스텐션,삼두,상체근력운동,6,케이블을 교차시키며 삼두근 운동,
V bar 케이블 푸쉬다운,삼두,상체근력운동,6.5,V 바를 이용해 삼두근 푸쉬다운,
디클라인 클로즈 그립 스미스 벤치 프레스,삼두,상체근력운동,7.5,경사에서 좁은 그립으로 삼두근 운동,
싸이클,유산소,유산소운동,8,전신의 심폐지구력을 높이는 유산소운동,
엘립티컬 머신,유산소,유산소운동,8.5,전신 운동을 돕는 기계로 유산소 및 근력 강화,
트레드밀 러닝,유산소,유산소운동,10,실내에서 달리기를 할 수 있는 대표적인 유산소운동,
러닝,유산소,유산소운동,10.5,야외에서 달리기로 체력을 증진,
버피,유산소,전신강화운동,12,전신 근력을 강화하고 심박수를 높이는 운동,
점핑 잭,유산소,유산소운동,7.5,심박수를 올리고 칼로리를 소모하는 점프 운동,
줄넘기,유산소,유산소운동,9,심폐지구력 향상과 칼로리 소모에 효과적,
로잉 머신,유산소,유산소운동,8.5,노 젓기 동작으로 전신을 사용하는 유산소운동,
스텝 머신,유산소,유산소운동,8,실내에서 계단 오르기 동작을 흉내내는 운동,
인클라인 트레드밀 러닝,유산소,유산소운동,10.5,오르막 달리기로 체력을 강화,
스텝 밀,유산소,유산소운동,8.5,계단 오르기를 통해 다리 근력을 키우는 운동,
스쿼트 버피,유산소,전신강화운동,12.5,스쿼트와 버피를 결합한 고강도 운동,
크리스 크로스 엘보우 투 니,유산소,코어강화운동,8,코어를 자극하는 유산소 및 근력 운동,
터치다운,유산소,유산소운동,7.8,심박수를 높이며 민첩성을 키우는 운동,
크리스 크로스 잭,유산소,유산소운동,8,교차 점프를 통해 심폐지구력을 향상,
크리스 크로스 점프,유산소,유산소운동,8.2,교차 점프 동작으로 민첩성을 강화,
하이 니 스킵스,유산소,유산소운동,8.5,무릎을 높이 올리며 달리는 운동,
잭 스텝,유산소,유산소운동,7,유산소 능력을 향상시키는 동작,
로우 런지 트위스트,유산소,유연성및스트레칭운동,6,런지와 함께 몸통을 비틀어 스트레칭,
사이드 킥 버피,유산소,전신강화운동,11,버피 동작에 킥을 더한 고강도 운동,
슬로우 버피,유산소,유산소운동,8,버피의 속도를 줄여 유산소와 근력을 동시에,
온몸 찢기,유산소,유연성및스트레칭운동,5,전신을 늘려 유연성을 향상,
트위스트 니 쓰러스트,유산소,코어강화운동,7.5,코어를 타겟으로 하는 트위스트 동작,
제자리 걸음,유산소,유산소운동,5,심박수를 천천히 올리는 기본 동작,
제자리 뛰기,유산소,유산소운동,7,실내에서 달리기 동작을 흉내내는 운동,
무동력 트레드밀,유산소,유산소운동,8.5,동력을 사용하지 않는 트레드밀에서의 러닝,
좌식 싸이클,유산소,유산소운동,6.5,앉아서 하는 자전거 운동,
경보,유산소,유산소운동,5.5,빠르게 걷기를 통해 심폐지구력 강화,
걷기,유산소,유산소운동,5,심박수를 천천히 올리며 체력을 증진,
벤치 스텝업,유산소,하체근력운동,8,벤치에 올라가는 동작으로 다리 근력을 강화,
스텝업 스텝 박스,유산소,유산소운동,8.2,스텝 박스를 활용한 유산소 및 하체 운동,
줄넘기 2단 뛰기,유산소,유산소운동,10,심박수를 크게 올리는 줄넘기 변형 동작,
스플릿 점프 박스,유산소,유산소운동,8.5,박스를 사용하여 점프하며 유산소 및 근력 강화,
추천 유산소운동,유산소,유산소운동,7,심폐지구력 향상을 위한 추천 운동,
스텝퍼,유산소,유산소운동,8,스텝퍼 기구를 사용하여 다리와 심폐 능력 강화,
훌라후프,유산소,유산소운동,6.5,허리 근육과 유산소 능력을 동시에 강화,
사이드 마운틴 클라이머,유산소,코어강화운동,8,옆으로 비틀며 코어를 자극하는 동작,
힐터치 사이드 킥 스쿼트,유산소,유산소운동,8,힐 터치와 킥 동작으로 유산소 및 하체 강화,
베이직 토 터치,유산소,유산소운동,6.5,기본적인 발끝 터치 동작으로 스트레칭 효과,
앵클 터치,유산소,유산소운동,6.8,발목을 터치하며 몸의 유연성을 증가시키는 동작,
스쿼트 오버헤드 프레스,유산소,전신강화운동,10.5,스쿼트와 함께 오버헤드 프레스를 수행,
니 쓰러스트,유산소,유산소운동,8.2,무릎을 높이 올리는 동작으로 하체와 코어 강화,
우드쵸퍼,유산소,코어강화운동,7.5,나무를 찍는 동작으로 코어 근육을 자극,
버트 킥 로우,유산소,유산소운동,7.8,힙을 자극하며 칼로리를 소모하는 동작,
암워킹 마운틴 클라이머,유산소,유산소운동,9,마운틴 클라이머 변형으로 상체와 유산소 강화,
레그 프론트 리프트 잭,유산소,유산소운동,8.5,다리를 앞쪽으로 들어올리며 심폐 지구력 향상,
런지 레그 리프트,유산소,하체근력운동,9,런지 동작과 함께 다리 들어올리기 수행,
스케이터 홉 탭,유산소,유산소운동,8,스케이팅 동작을 흉내내며 하체를 자극,
계단 오르기,유산소,유산소운동,8.5,계단 오르기 동작으로 심폐능력 향상,
하늘 자전거,유산소,코어강화운동,7.2,누운 상태에서 다리로 자전거를 타는 동작,
배틀 로프,유산소,전신강화운동,10,로프를 사용하여 전신 근육을 자극,
스키 에르그,유산소,유산소운동,9.5,스키 동작을 흉내내는 기구를 사용,
에어 바이크,유산소,유산소운동,9,팔과 다리를 동시에 사용하는 실내 자전거 운동,
스텝박스 마운틴 클라이머,유산소,유산소운동,8.5,스텝박스를 활용한 마운틴 클라이머 변형,
데빌 프레스,유산소,전신강화운동,11,버피와 덤벨을 결합한 고강도 운동,
마이마운틴,유산소,유산소운동,9,산을 오르는 동작을 통해 하체 근육 강화,
아크트레이너,유산소,유산소운동,8.5,아크 동작을 수행하는 기계 운동,
제이콥스 래더,유산소,유산소운동,9.5,사다리를 오르는 동작으로 심폐 능력 강화,
샌드백 클린,유산소,전신강화운동,10.5,샌드백을 들어올리며 전신 근육을 자극,
불가리안백 스핀,유산소,전신강화운동,9,불가리안 백을 사용하여 회전 동작 수행,
웜업 싸이클,유산소,유산소운동,6,운동 전 심박수를 높이는 자전거 운동,
웜업 엘립티컬 머신,유산소,유산소운동,6.2,운동 전 몸을 풀어주는 가벼운 엘립티컬 동작,
웜업 트레드밀 러닝,유산소,유산소운동,6.5,운동 전 트레드밀을 활용한 가벼운 달리기,
웜업 로잉 머신,유산소,유산소운동,6.8,운동 전 몸을 풀기 위한 가벼운 로잉 동작,
웜업 스텝 머신,유산소,유산소운동,6.5,운동 전 심박수를 올리는 스텝 머신 동작,
웜업 인클라인 트레드밀 러닝,유산소,유산소운동,7,운동 전 가벼운 오르막 달리기로 준비,
웜업 스텝 밀,유산소,유산소운동,6.8,운동 전 스텝 밀로 심박수를 올리는 동작,
웜업 무동력 트레드밀,유산소,유산소운동,7,운동 전 무동력 트레드밀에서 걷기,
웜업 좌식 싸이클,유산소,유산소운동,6,운동 전 좌식 싸이클로 심박수를 올리는 동작,
랜드마인 로테이션,유산소,코어강화운동,7.5,랜드마인 기구를 사용하여 코어를 강화,
